path,label
Glass/Glass251.jpg,Glass
"Glass/Glass1,138.JPG",Glass
AluCan/AluCan964.jpg,AluCan
AluCan/AluCan306.jpg,AluCan
AluCan/AluCan148.jpg,AluCan
"PET/PET1,275.jpg",PET
Glass/Glass169.jpg,Glass
Glass/Glass450.jpg,Glass
AluCan/AluCan739.jpg,AluCan
"PET/PET1,263.jpg",PET
AluCan/AluCan695.jpg,AluCan
Glass/Glass516.jpg,Glass
Glass/Glass355.jpg,Glass
"PET/PET1,099.jpg",PET
PET/PET471.jpg,PET
AluCan/AluCan521.jpg,AluCan
"AluCan/AluCan1,009.jpg",AluCan
Glass/Glass86.jpg,Glass
AluCan/AluCan476.jpg,AluCan
Glass/Glass964.JPG,Glass
AluCan/AluCan222.jpg,AluCan
"PET/PET1,475.jpg",PET
"PET/PET1,322.jpg",PET
"PET/PET1,580.jpg",PET
Glass/Glass291.jpg,Glass
Glass/Glass103.jpg,Glass
"PET/PET1,719.jpg",PET
PET/PET943.jpg,PET
PET/PET749.jpg,PET
AluCan/AluCan814.jpg,AluCan
Glass/Glass16.jpg,Glass
Glass/Glass637.jpg,Glass
Glass/Glass250.jpg,Glass
"Glass/Glass1,272.JPG",Glass
"Glass/Glass1,176.JPG",Glass
AluCan/AluCan374.jpg,AluCan
Glass/Glass212.jpg,Glass
AluCan/AluCan324.jpg,AluCan
"PET/PET1,136.jpg",PET
AluCan/AluCan674.jpg,AluCan
AluCan/AluCan942.jpg,AluCan
Glass/Glass367.jpg,Glass
AluCan/AluCan158.jpg,AluCan
HDPEM/HDPEM546.jpg,HDPEM
Glass/Glass942.JPG,Glass
"PET/PET1,311.jpg",PET
Glass/Glass297.jpg,Glass
"Glass/Glass1,123.JPG",Glass
PET/PET619.jpg,PET
"Glass/Glass1,283.JPG",Glass
PET/PET395.jpg,PET
Glass/Glass486.jpg,Glass
Glass/Glass474.jpg,Glass
AluCan/AluCan152.jpg,AluCan
Glass/Glass829.JPG,Glass
PET/PET780.jpg,PET
PET/PET914.jpg,PET
PET/PET757.jpg,PET
AluCan/AluCan276.jpg,AluCan
"PET/PET1,019.jpg",PET
"Glass/Glass1,309.JPG",Glass
PET/PET540.jpg,PET
AluCan/AluCan973.jpg,AluCan
"Glass/Glass1,055.JPG",Glass
Glass/Glass733.JPG,Glass
AluCan/AluCan139.jpg,AluCan
"PET/PET1,411.jpg",PET
PET/PET771.jpg,PET
Glass/Glass444.jpg,Glass
"PET/PET1,007.jpg",PET
AluCan/AluCan589.jpg,AluCan
Glass/Glass948.JPG,Glass
AluCan/AluCan509.jpg,AluCan
AluCan/AluCan999.jpg,AluCan
"PET/PET1,627.jpg",PET
AluCan/AluCan471.jpg,AluCan
Glass/Glass692.JPG,Glass
Glass/Glass687.JPG,Glass
AluCan/AluCan656.jpg,AluCan
Glass/Glass892.JPG,Glass
"PET/PET1,232.jpg",PET
PET/PET596.jpg,PET
Glass/Glass720.JPG,Glass
AluCan/AluCan612.jpg,AluCan
AluCan/AluCan477.jpg,AluCan
AluCan/AluCan703.jpg,AluCan
"Glass/Glass1,132.JPG",Glass
"PET/PET1,036.jpg",PET
Glass/Glass255.jpg,Glass
AluCan/AluCan646.jpg,AluCan
AluCan/AluCan167.jpg,AluCan
Glass/Glass419.jpg,Glass
"Glass/Glass1,312.JPG",Glass
PET/PET426.jpg,PET
PET/PET765.jpg,PET
PET/PET363.jpg,PET
AluCan/AluCan800.jpg,AluCan
"PET/PET1,438.jpg",PET
"Glass/Glass1,146.JPG",Glass
Glass/Glass853.JPG,Glass
Glass/Glass563.jpg,Glass
PET/PET700.jpg,PET
"AluCan/AluCan1,032.jpg",AluCan
PET/PET887.jpg,PET
AluCan/AluCan927.jpg,AluCan
AluCan/AluCan549.jpg,AluCan
Glass/Glass413.jpg,Glass
AluCan/AluCan690.jpg,AluCan
AluCan/AluCan708.jpg,AluCan
Glass/Glass364.jpg,Glass
"PET/PET1,694.jpg",PET
"AluCan/AluCan1,045.jpg",AluCan
AluCan/AluCan939.jpg,AluCan
AluCan/AluCan32.jpg,AluCan
"Glass/Glass1,227.JPG",Glass
Glass/Glass36.jpg,Glass
Glass/Glass82.jpg,Glass
AluCan/AluCan578.jpg,AluCan
HDPEM/HDPEM189.jpg,HDPEM
Glass/Glass747.JPG,Glass
AluCan/AluCan38.jpg,AluCan
"PET/PET1,085.jpg",PET
AluCan/AluCan503.jpg,AluCan
"PET/PET1,279.jpg",PET
HDPEM/HDPEM415.jpg,HDPEM
"Glass/Glass1,303.JPG",Glass
"PET/PET1,664.jpg",PET
Glass/Glass933.JPG,Glass
Glass/Glass851.JPG,Glass
"PET/PET1,140.jpg",PET
"Glass/Glass1,264.JPG",Glass
Glass/Glass815.JPG,Glass
Glass/Glass724.JPG,Glass
PET/PET681.jpg,PET
AluCan/AluCan144.jpg,AluCan
AluCan/AluCan455.jpg,AluCan
"PET/PET1,780.jpg",PET
"PET/PET1,539.jpg",PET
AluCan/AluCan650.jpg,AluCan
Glass/Glass140.jpg,Glass
PET/PET890.jpg,PET
PET/PET528.jpg,PET
"Glass/Glass1,006.JPG",Glass
Glass/Glass66.jpg,Glass
"Glass/Glass1,092.JPG",Glass
Glass/Glass68.jpg,Glass
Glass/Glass48.jpg,Glass
"Glass/Glass1,310.JPG",Glass
Glass/Glass906.JPG,Glass
Glass/Glass321.jpg,Glass
AluCan/AluCan140.jpg,AluCan
"Glass/Glass1,072.JPG",Glass
Glass/Glass350.jpg,Glass
"PET/PET1,424.jpg",PET
PET/PET672.jpg,PET
AluCan/AluCan116.jpg,AluCan
Glass/Glass817.JPG,Glass
AluCan/AluCan127.jpg,AluCan
Glass/Glass3.jpg,Glass
"PET/PET1,335.jpg",PET
PET/PET729.jpg,PET
Glass/Glass348.jpg,Glass
AluCan/AluCan564.jpg,AluCan
HDPEM/HDPEM46.jpg,HDPEM
AluCan/AluCan119.jpg,AluCan
Glass/Glass391.jpg,Glass
"PET/PET1,216.jpg",PET
Glass/Glass113.jpg,Glass
Glass/Glass421.jpg,Glass
AluCan/AluCan217.jpg,AluCan
"Glass/Glass1,240.JPG",Glass
"PET/PET1,383.jpg",PET
"PET/PET1,644.jpg",PET
PET/PET624.jpg,PET
AluCan/AluCan827.jpg,AluCan
AluCan/AluCan395.jpg,AluCan
AluCan/AluCan804.jpg,AluCan
"PET/PET1,038.jpg",PET
"Glass/Glass1,120.JPG",Glass
Glass/Glass798.JPG,Glass
Glass/Glass161.jpg,Glass
"AluCan/AluCan1,060.jpg",AluCan
"PET/PET1,577.jpg",PET
Glass/Glass573.jpg,Glass
Glass/Glass8.jpg,Glass
HDPEM/HDPEM626.JPG,HDPEM
Glass/Glass669.JPG,Glass
AluCan/AluCan677.jpg,AluCan
AluCan/AluCan211.jpg,AluCan
"PET/PET1,410.jpg",PET
AluCan/AluCan295.jpg,AluCan
AluCan/AluCan745.jpg,AluCan
PET/PET855.jpg,PET
AluCan/AluCan34.jpg,AluCan
"PET/PET1,683.jpg",PET
AluCan/AluCan679.jpg,AluCan
"PET/PET1,689.jpg",PET
AluCan/AluCan819.jpg,AluCan
AluCan/AluCan805.jpg,AluCan
PET/PET367.jpg,PET
Glass/Glass700.JPG,Glass
AluCan/AluCan109.jpg,AluCan
Glass/Glass567.jpg,Glass
Glass/Glass588.jpg,Glass
PET/PET727.jpg,PET
AluCan/AluCan903.jpg,AluCan
PET/PET820.jpg,PET
AluCan/AluCan850.jpg,AluCan
AluCan/AluCan649.jpg,AluCan
Glass/Glass949.JPG,Glass
"Glass/Glass1,175.JPG",Glass
AluCan/AluCan997.jpg,AluCan
AluCan/AluCan160.jpg,AluCan
AluCan/AluCan535.jpg,AluCan
Glass/Glass276.jpg,Glass
Glass/Glass676.JPG,Glass
AluCan/AluCan359.jpg,AluCan
"PET/PET1,034.jpg",PET
"Glass/Glass1,265.JPG",Glass
AluCan/AluCan614.jpg,AluCan
PET/PET287.jpg,PET
Glass/Glass254.jpg,Glass
AluCan/AluCan899.jpg,AluCan
PET/PET676.jpg,PET
PET/PET825.jpg,PET
"PET/PET1,606.jpg",PET
AluCan/AluCan961.jpg,AluCan
"PET/PET1,552.jpg",PET
AluCan/AluCan864.jpg,AluCan
"PET/PET1,180.jpg",PET
Glass/Glass373.jpg,Glass
"PET/PET1,014.jpg",PET
AluCan/AluCan48.jpg,AluCan
"Glass/Glass1,050.JPG",Glass
Glass/Glass258.jpg,Glass
AluCan/AluCan106.jpg,AluCan
AluCan/AluCan908.jpg,AluCan
"PET/PET1,458.jpg",PET
"Glass/Glass1,037.JPG",Glass
AluCan/AluCan547.jpg,AluCan
PET/PET370.jpg,PET
"Glass/Glass1,105.JPG",Glass
AluCan/AluCan493.jpg,AluCan
PET/PET279.jpg,PET
AluCan/AluCan174.jpg,AluCan
AluCan/AluCan726.jpg,AluCan
PET/PET630.jpg,PET
Glass/Glass338.jpg,Glass
Glass/Glass757.JPG,Glass
PET/PET994.jpg,PET
"PET/PET1,447.jpg",PET
AluCan/AluCan523.jpg,AluCan
"Glass/Glass1,144.JPG",Glass
AluCan/AluCan607.jpg,AluCan
PET/PET291.jpg,PET
"AluCan/AluCan1,002.jpg",AluCan
"PET/PET1,479.jpg",PET
Glass/Glass849.JPG,Glass
PET/PET654.jpg,PET
AluCan/AluCan135.jpg,AluCan
"PET/PET1,096.jpg",PET
AluCan/AluCan215.jpg,AluCan
Glass/Glass278.jpg,Glass
"AluCan/AluCan1,046.jpg",AluCan
"PET/PET1,045.jpg",PET
AluCan/AluCan825.jpg,AluCan
"Glass/Glass1,035.JPG",Glass
AluCan/AluCan335.jpg,AluCan
"AluCan/AluCan1,041.jpg",AluCan
"Glass/Glass1,089.JPG",Glass
PET/PET621.jpg,PET
"PET/PET1,478.jpg",PET
"Glass/Glass1,074.JPG",Glass
Glass/Glass821.JPG,Glass
Glass/Glass533.jpg,Glass
AluCan/AluCan274.jpg,AluCan
PET/PET670.jpg,PET
Glass/Glass970.JPG,Glass
"Glass/Glass1,046.JPG",Glass
"Glass/Glass1,224.JPG",Glass
Glass/Glass769.JPG,Glass
"PET/PET1,440.jpg",PET
"PET/PET1,253.jpg",PET
AluCan/AluCan719.jpg,AluCan
"PET/PET1,242.jpg",PET
AluCan/AluCan758.jpg,AluCan
"Glass/Glass1,196.JPG",Glass
HDPEM/HDPEM199.jpg,HDPEM
"Glass/Glass1,156.JPG",Glass
"AluCan/AluCan1,059.jpg",AluCan
"AluCan/AluCan1,052.jpg",AluCan
"Glass/Glass1,077.JPG",Glass
Glass/Glass455.jpg,Glass
AluCan/AluCan918.jpg,AluCan
"PET/PET1,422.jpg",PET
PET/PET912.jpg,PET
AluCan/AluCan95.jpg,AluCan
PET/PET816.jpg,PET
Glass/Glass734.JPG,Glass
"Glass/Glass1,043.JPG",Glass
PET/PET747.jpg,PET
PET/PET496.jpg,PET
"PET/PET1,382.jpg",PET
Glass/Glass151.jpg,Glass
"PET/PET1,515.jpg",PET
Glass/Glass670.JPG,Glass
AluCan/AluCan447.jpg,AluCan
AluCan/AluCan327.jpg,AluCan
"PET/PET1,214.jpg",PET
"PET/PET1,765.jpg",PET
Glass/Glass408.jpg,Glass
AluCan/AluCan285.jpg,AluCan
AluCan/AluCan314.jpg,AluCan
PET/PET644.jpg,PET
AluCan/AluCan225.jpg,AluCan
Glass/Glass662.JPG,Glass
Glass/Glass175.jpg,Glass
AluCan/AluCan794.jpg,AluCan
AluCan/AluCan125.jpg,AluCan
"PET/PET1,255.jpg",PET
"PET/PET1,276.jpg",PET
HDPEM/HDPEM938.JPG,HDPEM
"AluCan/AluCan1,058.jpg",AluCan
"AluCan/AluCan1,003.jpg",AluCan
Glass/Glass382.jpg,Glass
AluCan/AluCan588.jpg,AluCan
PET/PET807.jpg,PET
PET/PET772.jpg,PET
AluCan/AluCan720.jpg,AluCan
PET/PET387.jpg,PET
"PET/PET1,237.jpg",PET
"Glass/Glass1,078.JPG",Glass
"Glass/Glass1,178.JPG",Glass
AluCan/AluCan644.jpg,AluCan
AluCan/AluCan151.jpg,AluCan
Glass/Glass98.jpg,Glass
Glass/Glass159.jpg,Glass
"PET/PET1,488.jpg",PET
AluCan/AluCan822.jpg,AluCan
AluCan/AluCan529.jpg,AluCan
"PET/PET1,371.jpg",PET
"Glass/Glass1,271.JPG",Glass
AluCan/AluCan616.jpg,AluCan
Glass/Glass649.JPG,Glass
PET/PET725.jpg,PET
"PET/PET1,523.jpg",PET
Glass/Glass471.jpg,Glass
"PET/PET1,656.jpg",PET
Glass/Glass132.jpg,Glass
AluCan/AluCan176.jpg,AluCan
Glass/Glass936.JPG,Glass
Glass/Glass331.jpg,Glass
PET/PET307.jpg,PET
Glass/Glass938.JPG,Glass
"AluCan/AluCan1,061.jpg",AluCan
AluCan/AluCan516.jpg,AluCan
AluCan/AluCan2.jpg,AluCan
"PET/PET1,012.jpg",PET
PET/PET683.jpg,PET
PET/PET720.jpg,PET
HDPEM/HDPEM932.JPG,HDPEM
Glass/Glass806.JPG,Glass
AluCan/AluCan928.jpg,AluCan
Glass/Glass908.JPG,Glass
Glass/Glass39.jpg,Glass
AluCan/AluCan817.jpg,AluCan
AluCan/AluCan986.jpg,AluCan
HDPEM/HDPEM190.jpg,HDPEM
PET/PET575.jpg,PET
Glass/Glass618.jpg,Glass
AluCan/AluCan129.jpg,AluCan
AluCan/AluCan253.jpg,AluCan
PET/PET408.jpg,PET
"PET/PET1,551.jpg",PET
PET/PET369.jpg,PET
"PET/PET1,291.jpg",PET
"PET/PET1,490.jpg",PET
PET/PET770.jpg,PET
Glass/Glass768.JPG,Glass
AluCan/AluCan256.jpg,AluCan
"PET/PET1,306.jpg",PET
"PET/PET1,047.jpg",PET
HDPEM/HDPEM778.JPG,HDPEM
PET/PET899.jpg,PET
Glass/Glass418.jpg,Glass
Glass/Glass23.jpg,Glass
PET/PET553.jpg,PET
Glass/Glass819.JPG,Glass
AluCan/AluCan716.jpg,AluCan
Glass/Glass664.JPG,Glass
"HDPEM/HDPEM1,013.JPG",HDPEM
Glass/Glass462.jpg,Glass
Glass/Glass643.jpg,Glass
PET/PET556.jpg,PET
AluCan/AluCan232.jpg,AluCan
AluCan/AluCan25.jpg,AluCan
AluCan/AluCan934.jpg,AluCan
"PET/PET1,553.jpg",PET
"Glass/Glass1,045.JPG",Glass
"Glass/Glass1,279.JPG",Glass
AluCan/AluCan998.jpg,AluCan
AluCan/AluCan74.jpg,AluCan
"PET/PET1,009.jpg",PET
AluCan/AluCan62.jpg,AluCan
Glass/Glass781.JPG,Glass
AluCan/AluCan399.jpg,AluCan
"PET/PET1,236.jpg",PET
AluCan/AluCan691.jpg,AluCan
AluCan/AluCan219.jpg,AluCan
PET/PET512.jpg,PET
Glass/Glass974.JPG,Glass
Glass/Glass866.JPG,Glass
Glass/Glass661.JPG,Glass
Glass/Glass410.jpg,Glass
AluCan/AluCan366.jpg,AluCan
AluCan/AluCan643.jpg,AluCan
Glass/Glass666.JPG,Glass
Glass/Glass411.jpg,Glass
AluCan/AluCan920.jpg,AluCan
AluCan/AluCan238.jpg,AluCan
AluCan/AluCan99.jpg,AluCan
PET/PET740.jpg,PET
"PET/PET1,770.jpg",PET
Glass/Glass994.JPG,Glass
Glass/Glass630.jpg,Glass
AluCan/AluCan613.jpg,AluCan
PET/PET724.jpg,PET
PET/PET343.jpg,PET
AluCan/AluCan168.jpg,AluCan
AluCan/AluCan886.jpg,AluCan
HDPEM/HDPEM663.JPG,HDPEM
Glass/Glass655.JPG,Glass
AluCan/AluCan483.jpg,AluCan
"PET/PET1,706.jpg",PET
Glass/Glass854.JPG,Glass
PET/PET449.jpg,PET
AluCan/AluCan593.jpg,AluCan
AluCan/AluCan552.jpg,AluCan
AluCan/AluCan320.jpg,AluCan
Glass/Glass165.jpg,Glass
AluCan/AluCan434.jpg,AluCan
Glass/Glass529.jpg,Glass
AluCan/AluCan318.jpg,AluCan
AluCan/AluCan949.jpg,AluCan
AluCan/AluCan337.jpg,AluCan
PET/PET650.jpg,PET
Glass/Glass314.jpg,Glass
Glass/Glass512.jpg,Glass
"PET/PET1,609.jpg",PET
AluCan/AluCan57.jpg,AluCan
"PET/PET1,267.jpg",PET
Glass/Glass925.JPG,Glass
AluCan/AluCan30.jpg,AluCan
Glass/Glass263.jpg,Glass
AluCan/AluCan443.jpg,AluCan
"Glass/Glass1,160.JPG",Glass
"Glass/Glass1,001.JPG",Glass
AluCan/AluCan258.jpg,AluCan
AluCan/AluCan898.jpg,AluCan
AluCan/AluCan243.jpg,AluCan
PET/PET633.jpg,PET
"Glass/Glass1,097.JPG",Glass
Glass/Glass112.jpg,Glass
Glass/Glass937.JPG,Glass
AluCan/AluCan206.jpg,AluCan
"PET/PET1,778.jpg",PET
"Glass/Glass1,063.JPG",Glass
Glass/Glass74.jpg,Glass
Glass/Glass118.jpg,Glass
AluCan/AluCan136.jpg,AluCan
AluCan/AluCan550.jpg,AluCan
Glass/Glass993.JPG,Glass
PET/PET560.jpg,PET
Glass/Glass414.jpg,Glass
AluCan/AluCan84.jpg,AluCan
Glass/Glass501.jpg,Glass
AluCan/AluCan18.jpg,AluCan
PET/PET532.jpg,PET
AluCan/AluCan352.jpg,AluCan
AluCan/AluCan563.jpg,AluCan
Glass/Glass883.JPG,Glass
AluCan/AluCan89.jpg,AluCan
AluCan/AluCan478.jpg,AluCan
"AluCan/AluCan1,000.jpg",AluCan
AluCan/AluCan370.jpg,AluCan
Glass/Glass286.jpg,Glass
AluCan/AluCan990.jpg,AluCan
Glass/Glass385.jpg,Glass
"PET/PET1,270.jpg",PET
"PET/PET1,084.jpg",PET
Glass/Glass705.JPG,Glass
"PET/PET1,289.jpg",PET
AluCan/AluCan723.jpg,AluCan
"PET/PET1,785.jpg",PET
Glass/Glass997.JPG,Glass
"PET/PET1,504.jpg",PET
AluCan/AluCan559.jpg,AluCan
AluCan/AluCan916.jpg,AluCan
HDPEM/HDPEM690.JPG,HDPEM
"AluCan/AluCan1,031.jpg",AluCan
Glass/Glass999.JPG,Glass
"Glass/Glass1,276.JPG",Glass
AluCan/AluCan7.jpg,AluCan
AluCan/AluCan683.jpg,AluCan
AluCan/AluCan90.jpg,AluCan
Glass/Glass880.JPG,Glass
AluCan/AluCan665.jpg,AluCan
PET/PET874.jpg,PET
HDPEM/HDPEM681.JPG,HDPEM
HDPEM/HDPEM203.jpg,HDPEM
AluCan/AluCan574.jpg,AluCan
Glass/Glass864.JPG,Glass
Glass/Glass233.jpg,Glass
PET/PET336.jpg,PET
AluCan/AluCan52.jpg,AluCan
HDPEM/HDPEM795.JPG,HDPEM
"Glass/Glass1,060.JPG",Glass
PET/PET543.jpg,PET
AluCan/AluCan737.jpg,AluCan
Glass/Glass332.jpg,Glass
"PET/PET1,579.jpg",PET
AluCan/AluCan545.jpg,AluCan
Glass/Glass934.JPG,Glass
AluCan/AluCan422.jpg,AluCan
AluCan/AluCan449.jpg,AluCan
"Glass/Glass1,054.JPG",Glass
Glass/Glass555.jpg,Glass
AluCan/AluCan610.jpg,AluCan
AluCan/AluCan718.jpg,AluCan
AluCan/AluCan33.jpg,AluCan
AluCan/AluCan706.jpg,AluCan
PET/PET858.jpg,PET
"AluCan/AluCan1,007.jpg",AluCan
PET/PET458.jpg,PET
"AluCan/AluCan1,029.jpg",AluCan
"Glass/Glass1,028.JPG",Glass
"PET/PET1,420.jpg",PET
"Glass/Glass1,106.JPG",Glass
PET/PET704.jpg,PET
Glass/Glass980.JPG,Glass
Glass/Glass479.jpg,Glass
Glass/Glass195.jpg,Glass
Glass/Glass737.JPG,Glass
PET/PET548.jpg,PET
Glass/Glass625.jpg,Glass
"PET/PET1,081.jpg",PET
AluCan/AluCan502.jpg,AluCan
"Glass/Glass1,253.JPG",Glass
AluCan/AluCan496.jpg,AluCan
Glass/Glass25.jpg,Glass
Glass/Glass872.JPG,Glass
PET/PET814.jpg,PET
"Glass/Glass1,285.JPG",Glass
Glass/Glass477.jpg,Glass
PET/PET682.jpg,PET
"PET/PET1,264.jpg",PET
PET/PET954.jpg,PET
PET/PET944.jpg,PET
Glass/Glass128.jpg,Glass
AluCan/AluCan858.jpg,AluCan
"PET/PET1,600.jpg",PET
AluCan/AluCan391.jpg,AluCan
Glass/Glass415.jpg,Glass
AluCan/AluCan310.jpg,AluCan
AluCan/AluCan27.jpg,AluCan
Glass/Glass180.jpg,Glass
Glass/Glass289.jpg,Glass
"PET/PET1,596.jpg",PET
Glass/Glass287.jpg,Glass
Glass/Glass430.jpg,Glass
"PET/PET1,688.jpg",PET
"PET/PET1,137.jpg",PET
AluCan/AluCan562.jpg,AluCan
AluCan/AluCan678.jpg,AluCan
PET/PET908.jpg,PET
"PET/PET1,601.jpg",PET
"Glass/Glass1,251.JPG",Glass
Glass/Glass168.jpg,Glass
"Glass/Glass1,270.JPG",Glass
"PET/PET1,564.jpg",PET
AluCan/AluCan605.jpg,AluCan
Glass/Glass485.jpg,Glass
Glass/Glass466.jpg,Glass
Glass/Glass467.jpg,Glass
Glass/Glass613.jpg,Glass
AluCan/AluCan786.jpg,AluCan
"PET/PET1,360.jpg",PET
"PET/PET1,550.jpg",PET
Glass/Glass13.jpg,Glass
Glass/Glass498.jpg,Glass
Glass/Glass70.jpg,Glass
"Glass/Glass1,301.JPG",Glass
"Glass/Glass1,281.JPG",Glass
"PET/PET1,697.jpg",PET
AluCan/AluCan625.jpg,AluCan
Glass/Glass642.jpg,Glass
"PET/PET1,258.jpg",PET
AluCan/AluCan994.jpg,AluCan
AluCan/AluCan938.jpg,AluCan
"PET/PET1,779.jpg",PET
PET/PET335.jpg,PET
"PET/PET1,374.jpg",PET
Glass/Glass560.jpg,Glass
PET/PET907.jpg,PET
AluCan/AluCan960.jpg,AluCan
AluCan/AluCan281.jpg,AluCan
Glass/Glass147.jpg,Glass
AluCan/AluCan350.jpg,AluCan
Glass/Glass349.jpg,Glass
Glass/Glass257.jpg,Glass
"PET/PET1,011.jpg",PET
PET/PET741.jpg,PET
AluCan/AluCan888.jpg,AluCan
PET/PET686.jpg,PET
PET/PET759.jpg,PET
AluCan/AluCan681.jpg,AluCan
AluCan/AluCan433.jpg,AluCan
Glass/Glass109.jpg,Glass
AluCan/AluCan922.jpg,AluCan
AluCan/AluCan421.jpg,AluCan
AluCan/AluCan130.jpg,AluCan
"PET/PET1,259.jpg",PET
AluCan/AluCan815.jpg,AluCan
AluCan/AluCan577.jpg,AluCan
AluCan/AluCan46.jpg,AluCan
AluCan/AluCan444.jpg,AluCan
PET/PET327.jpg,PET
"Glass/Glass1,103.JPG",Glass
Glass/Glass538.jpg,Glass
Glass/Glass527.jpg,Glass
HDPEM/HDPEM551.JPG,HDPEM
AluCan/AluCan967.jpg,AluCan
AluCan/AluCan220.jpg,AluCan
Glass/Glass702.JPG,Glass
"Glass/Glass1,142.JPG",Glass
Glass/Glass762.JPG,Glass
"PET/PET1,574.jpg",PET
Glass/Glass578.jpg,Glass
"AluCan/AluCan1,044.jpg",AluCan
HDPEM/HDPEM403.jpg,HDPEM
Glass/Glass93.jpg,Glass
PET/PET719.jpg,PET
AluCan/AluCan906.jpg,AluCan
Glass/Glass842.JPG,Glass
Glass/Glass731.JPG,Glass
"PET/PET1,582.jpg",PET
Glass/Glass299.jpg,Glass
Glass/Glass237.jpg,Glass
AluCan/AluCan571.jpg,AluCan
AluCan/AluCan667.jpg,AluCan
AluCan/AluCan282.jpg,AluCan
"Glass/Glass1,030.JPG",Glass
Glass/Glass334.jpg,Glass
Glass/Glass271.jpg,Glass
PET/PET926.jpg,PET
Glass/Glass832.JPG,Glass
Glass/Glass570.jpg,Glass
Glass/Glass721.JPG,Glass
AluCan/AluCan363.jpg,AluCan
"PET/PET1,020.jpg",PET
"PET/PET1,417.jpg",PET
Glass/Glass267.jpg,Glass
PET/PET660.jpg,PET
HDPEM/HDPEM131.jpg,HDPEM
PET/PET717.jpg,PET
"PET/PET1,053.jpg",PET
AluCan/AluCan110.jpg,AluCan
AluCan/AluCan371.jpg,AluCan
PET/PET778.jpg,PET
AluCan/AluCan770.jpg,AluCan
PET/PET412.jpg,PET
AluCan/AluCan113.jpg,AluCan
Glass/Glass396.jpg,Glass
Glass/Glass235.jpg,Glass
PET/PET444.jpg,PET
PET/PET773.jpg,PET
PET/PET638.jpg,PET
"PET/PET1,593.jpg",PET
"PET/PET1,126.jpg",PET
AluCan/AluCan962.jpg,AluCan
AluCan/AluCan889.jpg,AluCan
"Glass/Glass1,065.JPG",Glass
"PET/PET1,058.jpg",PET
AluCan/AluCan863.jpg,AluCan
"Glass/Glass1,073.JPG",Glass
"PET/PET1,351.jpg",PET
"PET/PET1,603.jpg",PET
PET/PET503.jpg,PET
Glass/Glass57.jpg,Glass
"PET/PET1,078.jpg",PET
Glass/Glass379.jpg,Glass
AluCan/AluCan752.jpg,AluCan
"PET/PET1,592.jpg",PET
AluCan/AluCan655.jpg,AluCan
HDPEM/HDPEM874.JPG,HDPEM
"Glass/Glass1,019.JPG",Glass
AluCan/AluCan791.jpg,AluCan
"HDPEM/HDPEM1,020.JPG",HDPEM
PET/PET406.jpg,PET
AluCan/AluCan682.jpg,AluCan
Glass/Glass638.jpg,Glass
AluCan/AluCan832.jpg,AluCan
"PET/PET1,425.jpg",PET
"PET/PET1,491.jpg",PET
AluCan/AluCan364.jpg,AluCan
AluCan/AluCan458.jpg,AluCan
Glass/Glass730.JPG,Glass
AluCan/AluCan348.jpg,AluCan
Glass/Glass214.jpg,Glass
Glass/Glass64.jpg,Glass
Glass/Glass732.JPG,Glass
AluCan/AluCan879.jpg,AluCan
AluCan/AluCan700.jpg,AluCan
HDPEM/HDPEM290.jpg,HDPEM
PET/PET733.jpg,PET
PET/PET416.jpg,PET
"PET/PET1,049.jpg",PET
"AluCan/AluCan1,042.jpg",AluCan
Glass/Glass787.JPG,Glass
"PET/PET1,760.jpg",PET
AluCan/AluCan344.jpg,AluCan
PET/PET615.jpg,PET
AluCan/AluCan88.jpg,AluCan
AluCan/AluCan472.jpg,AluCan
HDPEM/HDPEM695.JPG,HDPEM
AluCan/AluCan830.jpg,AluCan
AluCan/AluCan132.jpg,AluCan
AluCan/AluCan619.jpg,AluCan
AluCan/AluCan833.jpg,AluCan
HDPEM/HDPEM814.JPG,HDPEM
Glass/Glass865.JPG,Glass
PET/PET530.jpg,PET
"PET/PET1,269.jpg",PET
AluCan/AluCan235.jpg,AluCan
AluCan/AluCan382.jpg,AluCan
HDPEM/HDPEM226.jpg,HDPEM
PET/PET505.jpg,PET
Glass/Glass490.jpg,Glass
AluCan/AluCan594.jpg,AluCan
AluCan/AluCan554.jpg,AluCan
PET/PET576.jpg,PET
"PET/PET1,409.jpg",PET
Glass/Glass121.jpg,Glass
PET/PET831.jpg,PET
PET/PET354.jpg,PET
HDPEM/HDPEM197.jpg,HDPEM
AluCan/AluCan836.jpg,AluCan
"Glass/Glass1,157.JPG",Glass
AluCan/AluCan599.jpg,AluCan
"PET/PET1,116.jpg",PET
Glass/Glass119.jpg,Glass
AluCan/AluCan331.jpg,AluCan
AluCan/AluCan114.jpg,AluCan
"PET/PET1,398.jpg",PET
"PET/PET1,591.jpg",PET
Glass/Glass620.jpg,Glass
AluCan/AluCan507.jpg,AluCan
AluCan/AluCan462.jpg,AluCan
"Glass/Glass1,217.JPG",Glass
"PET/PET1,619.jpg",PET
AluCan/AluCan724.jpg,AluCan
Glass/Glass709.JPG,Glass
AluCan/AluCan692.jpg,AluCan
"PET/PET1,192.jpg",PET
Glass/Glass679.JPG,Glass
PET/PET790.jpg,PET
Glass/Glass393.jpg,Glass
AluCan/AluCan380.jpg,AluCan
Glass/Glass911.JPG,Glass
AluCan/AluCan978.jpg,AluCan
Glass/Glass535.jpg,Glass
"AluCan/AluCan1,012.jpg",AluCan
Glass/Glass683.JPG,Glass
PET/PET456.jpg,PET
HDPEM/HDPEM127.jpg,HDPEM
Glass/Glass790.JPG,Glass
"PET/PET1,132.jpg",PET
"PET/PET1,016.jpg",PET
AluCan/AluCan385.jpg,AluCan
"Glass/Glass1,124.JPG",Glass
"Glass/Glass1,245.JPG",Glass
Glass/Glass667.JPG,Glass
"PET/PET1,256.jpg",PET
AluCan/AluCan181.jpg,AluCan
PET/PET610.jpg,PET
Glass/Glass767.JPG,Glass
"Glass/Glass1,141.JPG",Glass
"PET/PET1,271.jpg",PET
Glass/Glass483.jpg,Glass
AluCan/AluCan586.jpg,AluCan
AluCan/AluCan93.jpg,AluCan
"PET/PET1,089.jpg",PET
AluCan/AluCan914.jpg,AluCan
AluCan/AluCan242.jpg,AluCan
"PET/PET1,124.jpg",PET
Glass/Glass562.jpg,Glass
AluCan/AluCan929.jpg,AluCan
AluCan/AluCan913.jpg,AluCan
AluCan/AluCan22.jpg,AluCan
PET/PET460.jpg,PET
AluCan/AluCan851.jpg,AluCan
AluCan/AluCan611.jpg,AluCan
AluCan/AluCan538.jpg,AluCan
PET/PET388.jpg,PET
AluCan/AluCan195.jpg,AluCan
"PET/PET1,726.jpg",PET
PET/PET524.jpg,PET
AluCan/AluCan951.jpg,AluCan
"PET/PET1,314.jpg",PET
AluCan/AluCan346.jpg,AluCan
Glass/Glass330.jpg,Glass
"PET/PET1,657.jpg",PET
"PET/PET1,743.jpg",PET
AluCan/AluCan600.jpg,AluCan
Glass/Glass158.jpg,Glass
AluCan/AluCan430.jpg,AluCan
PET/PET399.jpg,PET
AluCan/AluCan272.jpg,AluCan
AluCan/AluCan356.jpg,AluCan
AluCan/AluCan183.jpg,AluCan
AluCan/AluCan266.jpg,AluCan
AluCan/AluCan35.jpg,AluCan
"PET/PET1,025.jpg",PET
AluCan/AluCan226.jpg,AluCan
Glass/Glass307.jpg,Glass
Glass/Glass706.JPG,Glass
Glass/Glass559.jpg,Glass
"Glass/Glass1,115.JPG",Glass
PET/PET896.jpg,PET
AluCan/AluCan470.jpg,AluCan
"Glass/Glass1,208.JPG",Glass
PET/PET579.jpg,PET
"PET/PET1,731.jpg",PET
Glass/Glass989.JPG,Glass
Glass/Glass672.JPG,Glass
Glass/Glass472.jpg,Glass
Glass/Glass615.jpg,Glass
AluCan/AluCan9.jpg,AluCan
AluCan/AluCan351.jpg,AluCan
"PET/PET1,621.jpg",PET
Glass/Glass793.JPG,Glass
HDPEM/HDPEM668.JPG,HDPEM
AluCan/AluCan517.jpg,AluCan
Glass/Glass753.JPG,Glass
AluCan/AluCan383.jpg,AluCan
AluCan/AluCan952.jpg,AluCan
Glass/Glass220.jpg,Glass
AluCan/AluCan672.jpg,AluCan
PET/PET584.jpg,PET
AluCan/AluCan460.jpg,AluCan
PET/PET842.jpg,PET
AluCan/AluCan945.jpg,AluCan
"AluCan/AluCan1,063.jpg",AluCan
PET/PET452.jpg,PET
AluCan/AluCan788.jpg,AluCan
AluCan/AluCan779.jpg,AluCan
Glass/Glass531.jpg,Glass
Glass/Glass346.jpg,Glass
AluCan/AluCan513.jpg,AluCan
PET/PET323.jpg,PET
AluCan/AluCan367.jpg,AluCan
"PET/PET1,125.jpg",PET
PET/PET451.jpg,PET
"Glass/Glass1,243.JPG",Glass
"Glass/Glass1,096.JPG",Glass
AluCan/AluCan828.jpg,AluCan
"PET/PET1,613.jpg",PET
AluCan/AluCan233.jpg,AluCan
"PET/PET1,585.jpg",PET
AluCan/AluCan338.jpg,AluCan
"PET/PET1,021.jpg",PET
"PET/PET1,632.jpg",PET
PET/PET620.jpg,PET
"PET/PET1,772.jpg",PET
AluCan/AluCan108.jpg,AluCan
Glass/Glass202.jpg,Glass
Glass/Glass377.jpg,Glass
PET/PET508.jpg,PET
AluCan/AluCan157.jpg,AluCan
AluCan/AluCan631.jpg,AluCan
Glass/Glass398.jpg,Glass
AluCan/AluCan499.jpg,AluCan
"Glass/Glass1,057.JPG",Glass
"PET/PET1,129.jpg",PET
AluCan/AluCan506.jpg,AluCan
AluCan/AluCan627.jpg,AluCan
"Glass/Glass1,095.JPG",Glass
PET/PET549.jpg,PET
AluCan/AluCan560.jpg,AluCan
"Glass/Glass1,305.JPG",Glass
AluCan/AluCan801.jpg,AluCan
AluCan/AluCan633.jpg,AluCan
AluCan/AluCan104.jpg,AluCan
PET/PET808.jpg,PET
Glass/Glass268.jpg,Glass
"Glass/Glass1,214.JPG",Glass
AluCan/AluCan355.jpg,AluCan
Glass/Glass746.JPG,Glass
"PET/PET1,211.jpg",PET
PET/PET640.jpg,PET
"PET/PET1,093.jpg",PET
"PET/PET1,022.jpg",PET
Glass/Glass435.jpg,Glass
Glass/Glass756.JPG,Glass
AluCan/AluCan668.jpg,AluCan
Glass/Glass707.JPG,Glass
"Glass/Glass1,306.JPG",Glass
"PET/PET1,067.jpg",PET
PET/PET378.jpg,PET
PET/PET338.jpg,PET
AluCan/AluCan475.jpg,AluCan
AluCan/AluCan873.jpg,AluCan
"PET/PET1,167.jpg",PET
Glass/Glass4.jpg,Glass
"Glass/Glass1,246.JPG",Glass
Glass/Glass901.JPG,Glass
Glass/Glass502.jpg,Glass
"AluCan/AluCan1,010.jpg",AluCan
Glass/Glass887.JPG,Glass
AluCan/AluCan821.jpg,AluCan
AluCan/AluCan641.jpg,AluCan
"PET/PET1,474.jpg",PET
AluCan/AluCan409.jpg,AluCan
Glass/Glass609.jpg,Glass
Glass/Glass506.jpg,Glass
"PET/PET1,135.jpg",PET
Glass/Glass58.jpg,Glass
Glass/Glass409.jpg,Glass
"PET/PET1,746.jpg",PET
Glass/Glass690.JPG,Glass
Glass/Glass422.jpg,Glass
Glass/Glass549.jpg,Glass
"PET/PET1,575.jpg",PET
Glass/Glass386.jpg,Glass
"PET/PET1,496.jpg",PET
"Glass/Glass1,234.JPG",Glass
"PET/PET1,469.jpg",PET
"PET/PET1,472.jpg",PET
"PET/PET1,018.jpg",PET
Glass/Glass634.jpg,Glass
PET/PET998.jpg,PET
AluCan/AluCan372.jpg,AluCan
PET/PET561.jpg,PET
"Glass/Glass1,125.JPG",Glass
"PET/PET1,404.jpg",PET
AluCan/AluCan871.jpg,AluCan
PET/PET591.jpg,PET
PET/PET909.jpg,PET
"PET/PET1,740.jpg",PET
PET/PET464.jpg,PET
"Glass/Glass1,136.JPG",Glass
"PET/PET1,209.jpg",PET
PET/PET689.jpg,PET
"PET/PET1,455.jpg",PET
AluCan/AluCan179.jpg,AluCan
"PET/PET1,638.jpg",PET
"PET/PET1,158.jpg",PET
Glass/Glass617.jpg,Glass
AluCan/AluCan601.jpg,AluCan
AluCan/AluCan133.jpg,AluCan
HDPEM/HDPEM170.jpg,HDPEM
AluCan/AluCan944.jpg,AluCan
"PET/PET1,112.jpg",PET
Glass/Glass139.jpg,Glass
"Glass/Glass1,133.JPG",Glass
"Glass/Glass1,216.JPG",Glass
"PET/PET1,573.jpg",PET
AluCan/AluCan688.jpg,AluCan
PET/PET377.jpg,PET
Glass/Glass860.JPG,Glass
Glass/Glass194.jpg,Glass
"PET/PET1,162.jpg",PET
PET/PET886.jpg,PET
Glass/Glass543.jpg,Glass
AluCan/AluCan425.jpg,AluCan
"Glass/Glass1,197.JPG",Glass
PET/PET472.jpg,PET
AluCan/AluCan56.jpg,AluCan
PET/PET379.jpg,PET
AluCan/AluCan83.jpg,AluCan
AluCan/AluCan749.jpg,AluCan
"PET/PET1,774.jpg",PET
HDPEM/HDPEM124.jpg,HDPEM
AluCan/AluCan974.jpg,AluCan
AluCan/AluCan569.jpg,AluCan
PET/PET657.jpg,PET
"PET/PET1,282.jpg",PET
Glass/Glass644.JPG,Glass
AluCan/AluCan750.jpg,AluCan
"PET/PET1,530.jpg",PET
AluCan/AluCan384.jpg,AluCan
AluCan/AluCan68.jpg,AluCan
AluCan/AluCan905.jpg,AluCan
AluCan/AluCan126.jpg,AluCan
PET/PET529.jpg,PET
Glass/Glass918.JPG,Glass
AluCan/AluCan452.jpg,AluCan
PET/PET737.jpg,PET
AluCan/AluCan308.jpg,AluCan
AluCan/AluCan937.jpg,AluCan
AluCan/AluCan534.jpg,AluCan
Glass/Glass600.jpg,Glass
HDPEM/HDPEM141.jpg,HDPEM
"PET/PET1,607.jpg",PET
AluCan/AluCan457.jpg,AluCan
"PET/PET1,308.jpg",PET
"PET/PET1,722.jpg",PET
Glass/Glass71.jpg,Glass
"PET/PET1,766.jpg",PET
"Glass/Glass1,213.JPG",Glass
Glass/Glass843.JPG,Glass
"PET/PET1,239.jpg",PET
PET/PET617.jpg,PET
"PET/PET1,203.jpg",PET
AluCan/AluCan190.jpg,AluCan
"PET/PET1,281.jpg",PET
PET/PET515.jpg,PET
HDPEM/HDPEM380.jpg,HDPEM
"PET/PET1,745.jpg",PET
"PET/PET1,075.jpg",PET
"PET/PET1,156.jpg",PET
Glass/Glass680.JPG,Glass
Glass/Glass508.jpg,Glass
Glass/Glass585.jpg,Glass
AluCan/AluCan61.jpg,AluCan
Glass/Glass924.JPG,Glass
AluCan/AluCan333.jpg,AluCan
"Glass/Glass1,131.JPG",Glass
HDPEM/HDPEM682.JPG,HDPEM
"PET/PET1,702.jpg",PET
PET/PET806.jpg,PET
AluCan/AluCan639.jpg,AluCan
PET/PET818.jpg,PET
Glass/Glass88.jpg,Glass
AluCan/AluCan840.jpg,AluCan
AluCan/AluCan731.jpg,AluCan
HDPEM/HDPEM372.jpg,HDPEM
"PET/PET1,073.jpg",PET
AluCan/AluCan763.jpg,AluCan
"PET/PET1,775.jpg",PET
PET/PET565.jpg,PET
AluCan/AluCan748.jpg,AluCan
AluCan/AluCan466.jpg,AluCan
Glass/Glass514.jpg,Glass
"Glass/Glass1,107.JPG",Glass
AluCan/AluCan6.jpg,AluCan
AluCan/AluCan617.jpg,AluCan
AluCan/AluCan420.jpg,AluCan
PET/PET316.jpg,PET
"Glass/Glass1,145.JPG",Glass
AluCan/AluCan941.jpg,AluCan
AluCan/AluCan725.jpg,AluCan
Glass/Glass607.jpg,Glass
"PET/PET1,329.jpg",PET
AluCan/AluCan402.jpg,AluCan
AluCan/AluCan45.jpg,AluCan
AluCan/AluCan437.jpg,AluCan
"PET/PET1,301.jpg",PET
Glass/Glass973.JPG,Glass
Glass/Glass236.jpg,Glass
AluCan/AluCan101.jpg,AluCan
"PET/PET1,715.jpg",PET
AluCan/AluCan362.jpg,AluCan
AluCan/AluCan744.jpg,AluCan
AluCan/AluCan882.jpg,AluCan
Glass/Glass244.jpg,Glass
"PET/PET1,061.jpg",PET
PET/PET678.jpg,PET
AluCan/AluCan115.jpg,AluCan
PET/PET554.jpg,PET
AluCan/AluCan697.jpg,AluCan
Glass/Glass216.jpg,Glass
PET/PET758.jpg,PET
"PET/PET1,583.jpg",PET
PET/PET474.jpg,PET
AluCan/AluCan618.jpg,AluCan
Glass/Glass456.jpg,Glass
AluCan/AluCan482.jpg,AluCan
PET/PET919.jpg,PET
Glass/Glass648.JPG,Glass
"Glass/Glass1,297.JPG",Glass
PET/PET400.jpg,PET
PET/PET439.jpg,PET
"Glass/Glass1,098.JPG",Glass
PET/PET419.jpg,PET
Glass/Glass117.jpg,Glass
AluCan/AluCan341.jpg,AluCan
AluCan/AluCan209.jpg,AluCan
PET/PET669.jpg,PET
"Glass/Glass1,011.JPG",Glass
Glass/Glass152.jpg,Glass
HDPEM/HDPEM934.JPG,HDPEM
Glass/Glass545.jpg,Glass
"Glass/Glass1,171.JPG",Glass
Glass/Glass6.jpg,Glass
AluCan/AluCan900.jpg,AluCan
"Glass/Glass1,021.JPG",Glass
AluCan/AluCan714.jpg,AluCan
PET/PET351.jpg,PET
AluCan/AluCan891.jpg,AluCan
"PET/PET1,260.jpg",PET
Glass/Glass795.JPG,Glass
Glass/Glass183.jpg,Glass
AluCan/AluCan423.jpg,AluCan
AluCan/AluCan182.jpg,AluCan
PET/PET626.jpg,PET
"PET/PET1,194.jpg",PET
AluCan/AluCan117.jpg,AluCan
Glass/Glass92.jpg,Glass
AluCan/AluCan983.jpg,AluCan
"AluCan/AluCan1,024.jpg",AluCan
AluCan/AluCan634.jpg,AluCan
Glass/Glass371.jpg,Glass
Glass/Glass852.JPG,Glass
Glass/Glass99.jpg,Glass
"Glass/Glass1,112.JPG",Glass
PET/PET382.jpg,PET
"PET/PET1,516.jpg",PET
"Glass/Glass1,263.JPG",Glass
AluCan/AluCan556.jpg,AluCan
AluCan/AluCan558.jpg,AluCan
Glass/Glass135.jpg,Glass
Glass/Glass170.jpg,Glass
"AluCan/AluCan1,055.jpg",AluCan
AluCan/AluCan39.jpg,AluCan
AluCan/AluCan229.jpg,AluCan
Glass/Glass249.jpg,Glass
AluCan/AluCan313.jpg,AluCan
"PET/PET1,709.jpg",PET
"PET/PET1,569.jpg",PET
"PET/PET1,432.jpg",PET
Glass/Glass668.JPG,Glass
"PET/PET1,380.jpg",PET
Glass/Glass743.JPG,Glass
"PET/PET1,668.jpg",PET
"PET/PET1,307.jpg",PET
"PET/PET1,265.jpg",PET
Glass/Glass306.jpg,Glass
AluCan/AluCan299.jpg,AluCan
AluCan/AluCan596.jpg,AluCan
AluCan/AluCan979.jpg,AluCan
"PET/PET1,028.jpg",PET
"Glass/Glass1,017.JPG",Glass
"PET/PET1,439.jpg",PET
AluCan/AluCan173.jpg,AluCan
"PET/PET1,633.jpg",PET
"Glass/Glass1,293.JPG",Glass
AluCan/AluCan360.jpg,AluCan
Glass/Glass515.jpg,Glass
"PET/PET1,534.jpg",PET
AluCan/AluCan528.jpg,AluCan
Glass/Glass394.jpg,Glass
Glass/Glass11.jpg,Glass
AluCan/AluCan287.jpg,AluCan
"PET/PET1,131.jpg",PET
"PET/PET1,484.jpg",PET
"Glass/Glass1,122.JPG",Glass
"PET/PET1,605.jpg",PET
Glass/Glass803.JPG,Glass
AluCan/AluCan721.jpg,AluCan
Glass/Glass163.jpg,Glass
Glass/Glass789.JPG,Glass
HDPEM/HDPEM764.JPG,HDPEM
Glass/Glass754.JPG,Glass
"PET/PET1,747.jpg",PET
Glass/Glass881.JPG,Glass
"PET/PET1,752.jpg",PET
Glass/Glass428.jpg,Glass
"PET/PET1,168.jpg",PET
HDPEM/HDPEM443.jpg,HDPEM
"PET/PET1,337.jpg",PET
Glass/Glass945.JPG,Glass
PET/PET916.jpg,PET
Glass/Glass610.jpg,Glass
Glass/Glass677.JPG,Glass
HDPEM/HDPEM931.JPG,HDPEM
Glass/Glass484.jpg,Glass
"Glass/Glass1,048.JPG",Glass
PET/PET750.jpg,PET
Glass/Glass726.JPG,Glass
PET/PET913.jpg,PET
AluCan/AluCan866.jpg,AluCan
PET/PET397.jpg,PET
Glass/Glass304.jpg,Glass
"PET/PET1,144.jpg",PET
"PET/PET1,101.jpg",PET
PET/PET756.jpg,PET
AluCan/AluCan51.jpg,AluCan
PET/PET898.jpg,PET
"PET/PET1,547.jpg",PET
HDPEM/HDPEM949.JPG,HDPEM
Glass/Glass839.JPG,Glass
AluCan/AluCan286.jpg,AluCan
AluCan/AluCan435.jpg,AluCan
"AluCan/AluCan1,025.jpg",AluCan
Glass/Glass788.JPG,Glass
Glass/Glass847.JPG,Glass
AluCan/AluCan247.jpg,AluCan
AluCan/AluCan290.jpg,AluCan
Glass/Glass836.JPG,Glass
PET/PET288.jpg,PET
PET/PET753.jpg,PET
PET/PET803.jpg,PET
"PET/PET1,300.jpg",PET
AluCan/AluCan102.jpg,AluCan
AluCan/AluCan163.jpg,AluCan
AluCan/AluCan184.jpg,AluCan
"PET/PET1,241.jpg",PET
"Glass/Glass1,091.JPG",Glass
Glass/Glass73.jpg,Glass
Glass/Glass65.jpg,Glass
Glass/Glass646.JPG,Glass
"PET/PET1,055.jpg",PET
AluCan/AluCan78.jpg,AluCan
Glass/Glass374.jpg,Glass
Glass/Glass333.jpg,Glass
AluCan/AluCan518.jpg,AluCan
AluCan/AluCan490.jpg,AluCan
Glass/Glass530.jpg,Glass
Glass/Glass460.jpg,Glass
PET/PET304.jpg,PET
Glass/Glass436.jpg,Glass
Glass/Glass126.jpg,Glass
PET/PET424.jpg,PET
AluCan/AluCan11.jpg,AluCan
PET/PET592.jpg,PET
"Glass/Glass1,307.JPG",Glass
Glass/Glass967.JPG,Glass
"Glass/Glass1,003.JPG",Glass
HDPEM/HDPEM875.JPG,HDPEM
"AluCan/AluCan1,005.jpg",AluCan
PET/PET425.jpg,PET
"PET/PET1,041.jpg",PET
"Glass/Glass1,256.JPG",Glass
PET/PET517.jpg,PET
AluCan/AluCan369.jpg,AluCan
AluCan/AluCan297.jpg,AluCan
PET/PET410.jpg,PET
"PET/PET1,169.jpg",PET
"HDPEM/HDPEM1,012.JPG",HDPEM
Glass/Glass80.jpg,Glass
AluCan/AluCan890.jpg,AluCan
Glass/Glass272.jpg,Glass
Glass/Glass939.JPG,Glass
"Glass/Glass1,239.JPG",Glass
AluCan/AluCan510.jpg,AluCan
Glass/Glass403.jpg,Glass
PET/PET645.jpg,PET
"PET/PET1,283.jpg",PET
AluCan/AluCan376.jpg,AluCan
Glass/Glass716.JPG,Glass
Glass/Glass867.JPG,Glass
"Glass/Glass1,102.JPG",Glass
AluCan/AluCan223.jpg,AluCan
Glass/Glass778.JPG,Glass
AluCan/AluCan120.jpg,AluCan
HDPEM/HDPEM594.JPG,HDPEM
"Glass/Glass1,174.JPG",Glass
Glass/Glass577.jpg,Glass
Glass/Glass838.JPG,Glass
"PET/PET1,727.jpg",PET
HDPEM/HDPEM85.jpg,HDPEM
Glass/Glass511.jpg,Glass
AluCan/AluCan390.jpg,AluCan
AluCan/AluCan41.jpg,AluCan
AluCan/AluCan55.jpg,AluCan
AluCan/AluCan548.jpg,AluCan
PET/PET600.jpg,PET
PET/PET292.jpg,PET
AluCan/AluCan19.jpg,AluCan
PET/PET937.jpg,PET
AluCan/AluCan773.jpg,AluCan
PET/PET535.jpg,PET
"PET/PET1,373.jpg",PET
PET/PET709.jpg,PET
AluCan/AluCan450.jpg,AluCan
Glass/Glass532.jpg,Glass
"PET/PET1,499.jpg",PET
AluCan/AluCan332.jpg,AluCan
"PET/PET1,294.jpg",PET
PET/PET794.jpg,PET
"PET/PET1,742.jpg",PET
AluCan/AluCan3.jpg,AluCan
PET/PET962.jpg,PET
Glass/Glass101.jpg,Glass
Glass/Glass960.JPG,Glass
Glass/Glass674.JPG,Glass
"PET/PET1,453.jpg",PET
AluCan/AluCan533.jpg,AluCan
AluCan/AluCan540.jpg,AluCan
PET/PET299.jpg,PET
PET/PET847.jpg,PET
"Glass/Glass1,314.JPG",Glass
AluCan/AluCan393.jpg,AluCan
Glass/Glass457.jpg,Glass
"AluCan/AluCan1,047.jpg",AluCan
PET/PET622.jpg,PET
"PET/PET1,004.jpg",PET
AluCan/AluCan249.jpg,AluCan
"PET/PET1,386.jpg",PET
PET/PET777.jpg,PET
Glass/Glass305.jpg,Glass
"PET/PET1,784.jpg",PET
AluCan/AluCan985.jpg,AluCan
"Glass/Glass1,269.JPG",Glass
AluCan/AluCan300.jpg,AluCan
"PET/PET1,533.jpg",PET
Glass/Glass961.JPG,Glass
AluCan/AluCan630.jpg,AluCan
"PET/PET1,647.jpg",PET
Glass/Glass241.jpg,Glass
"PET/PET1,040.jpg",PET
"PET/PET1,177.jpg",PET
PET/PET904.jpg,PET
"PET/PET1,204.jpg",PET
"PET/PET1,401.jpg",PET
"Glass/Glass1,076.JPG",Glass
Glass/Glass353.jpg,Glass
AluCan/AluCan216.jpg,AluCan
PET/PET643.jpg,PET
Glass/Glass972.JPG,Glass
Glass/Glass873.JPG,Glass
AluCan/AluCan388.jpg,AluCan
"PET/PET1,549.jpg",PET
Glass/Glass275.jpg,Glass
"PET/PET1,287.jpg",PET
PET/PET779.jpg,PET
"PET/PET1,444.jpg",PET
"PET/PET1,736.jpg",PET
"Glass/Glass1,261.JPG",Glass
PET/PET539.jpg,PET
AluCan/AluCan717.jpg,AluCan
"Glass/Glass1,232.JPG",Glass
AluCan/AluCan459.jpg,AluCan
AluCan/AluCan293.jpg,AluCan
"Glass/Glass1,248.JPG",Glass
AluCan/AluCan660.jpg,AluCan
"PET/PET1,278.jpg",PET
Glass/Glass62.jpg,Glass
"PET/PET1,261.jpg",PET
Glass/Glass509.jpg,Glass
AluCan/AluCan107.jpg,AluCan
"Glass/Glass1,047.JPG",Glass
AluCan/AluCan875.jpg,AluCan
"Glass/Glass1,191.JPG",Glass
"PET/PET1,739.jpg",PET
Glass/Glass717.JPG,Glass
AluCan/AluCan764.jpg,AluCan
PET/PET318.jpg,PET
HDPEM/HDPEM557.JPG,HDPEM
Glass/Glass685.JPG,Glass
HDPEM/HDPEM482.jpg,HDPEM
"PET/PET1,413.jpg",PET
Glass/Glass641.jpg,Glass
"AluCan/AluCan1,019.jpg",AluCan
Glass/Glass424.jpg,Glass
PET/PET932.jpg,PET
PET/PET817.jpg,PET
"PET/PET1,248.jpg",PET
Glass/Glass84.jpg,Glass
AluCan/AluCan816.jpg,AluCan
Glass/Glass494.jpg,Glass
"Glass/Glass1,010.JPG",Glass
"PET/PET1,332.jpg",PET
Glass/Glass110.jpg,Glass
HDPEM/HDPEM603.JPG,HDPEM
PET/PET462.jpg,PET
AluCan/AluCan988.jpg,AluCan
"PET/PET1,262.jpg",PET
AluCan/AluCan153.jpg,AluCan
"Glass/Glass1,257.JPG",Glass
AluCan/AluCan803.jpg,AluCan
Glass/Glass42.jpg,Glass
Glass/Glass1.jpg,Glass
AluCan/AluCan248.jpg,AluCan
AluCan/AluCan661.jpg,AluCan
Glass/Glass856.JPG,Glass
Glass/Glass356.jpg,Glass
AluCan/AluCan260.jpg,AluCan
PET/PET628.jpg,PET
"PET/PET1,700.jpg",PET
Glass/Glass990.JPG,Glass
AluCan/AluCan87.jpg,AluCan
PET/PET764.jpg,PET
"PET/PET1,562.jpg",PET
HDPEM/HDPEM137.jpg,HDPEM
AluCan/AluCan292.jpg,AluCan
Glass/Glass50.jpg,Glass
PET/PET734.jpg,PET
AluCan/AluCan958.jpg,AluCan
AluCan/AluCan311.jpg,AluCan
Glass/Glass473.jpg,Glass
"PET/PET1,748.jpg",PET
Glass/Glass878.JPG,Glass
Glass/Glass568.jpg,Glass
"Glass/Glass1,100.JPG",Glass
PET/PET298.jpg,PET
PET/PET850.jpg,PET
Glass/Glass684.JPG,Glass
AluCan/AluCan358.jpg,AluCan
"AluCan/AluCan1,026.jpg",AluCan
AluCan/AluCan197.jpg,AluCan
Glass/Glass443.jpg,Glass
AluCan/AluCan798.jpg,AluCan
"Glass/Glass1,056.JPG",Glass
"PET/PET1,356.jpg",PET
Glass/Glass551.jpg,Glass
PET/PET929.jpg,PET
"PET/PET1,716.jpg",PET
"PET/PET1,381.jpg",PET
"PET/PET1,190.jpg",PET
"PET/PET1,324.jpg",PET
PET/PET345.jpg,PET
PET/PET933.jpg,PET
AluCan/AluCan204.jpg,AluCan
"Glass/Glass1,159.JPG",Glass
AluCan/AluCan783.jpg,AluCan
Glass/Glass905.JPG,Glass
Glass/Glass281.jpg,Glass
"PET/PET1,407.jpg",PET
"PET/PET1,542.jpg",PET
Glass/Glass915.JPG,Glass
AluCan/AluCan210.jpg,AluCan
Glass/Glass327.jpg,Glass
PET/PET322.jpg,PET
AluCan/AluCan26.jpg,AluCan
AluCan/AluCan663.jpg,AluCan
Glass/Glass201.jpg,Glass
AluCan/AluCan416.jpg,AluCan
PET/PET877.jpg,PET
Glass/Glass868.JPG,Glass
"PET/PET1,641.jpg",PET
"PET/PET1,333.jpg",PET
"PET/PET1,175.jpg",PET
PET/PET970.jpg,PET
AluCan/AluCan342.jpg,AluCan
"PET/PET1,406.jpg",PET
AluCan/AluCan451.jpg,AluCan
PET/PET834.jpg,PET
AluCan/AluCan305.jpg,AluCan
AluCan/AluCan339.jpg,AluCan
Glass/Glass230.jpg,Glass
AluCan/AluCan275.jpg,AluCan
PET/PET828.jpg,PET
HDPEM/HDPEM770.JPG,HDPEM
AluCan/AluCan218.jpg,AluCan
AluCan/AluCan178.jpg,AluCan
"Glass/Glass1,135.JPG",Glass
AluCan/AluCan398.jpg,AluCan
AluCan/AluCan325.jpg,AluCan
AluCan/AluCan970.jpg,AluCan
"PET/PET1,184.jpg",PET
PET/PET648.jpg,PET
Glass/Glass440.jpg,Glass
"PET/PET1,728.jpg",PET
PET/PET533.jpg,PET
Glass/Glass425.jpg,Glass
PET/PET930.jpg,PET
HDPEM/HDPEM319.jpg,HDPEM
"Glass/Glass1,040.JPG",Glass
"PET/PET1,777.jpg",PET
AluCan/AluCan782.jpg,AluCan
AluCan/AluCan931.jpg,AluCan
"PET/PET1,468.jpg",PET
PET/PET958.jpg,PET
AluCan/AluCan604.jpg,AluCan
AluCan/AluCan579.jpg,AluCan
Glass/Glass519.jpg,Glass
PET/PET353.jpg,PET
PET/PET666.jpg,PET
"Glass/Glass1,296.JPG",Glass
"PET/PET1,467.jpg",PET
HDPEM/HDPEM306.jpg,HDPEM
Glass/Glass427.jpg,Glass
"PET/PET1,027.jpg",PET
HDPEM/HDPEM665.JPG,HDPEM
Glass/Glass10.jpg,Glass
"AluCan/AluCan1,018.jpg",AluCan
HDPEM/HDPEM601.JPG,HDPEM
AluCan/AluCan64.jpg,AluCan
Glass/Glass596.jpg,Glass
AluCan/AluCan629.jpg,AluCan
"PET/PET1,537.jpg",PET
Glass/Glass914.JPG,Glass
"PET/PET1,758.jpg",PET
PET/PET312.jpg,PET
"Glass/Glass1,295.JPG",Glass
AluCan/AluCan379.jpg,AluCan
"PET/PET1,362.jpg",PET
AluCan/AluCan186.jpg,AluCan
AluCan/AluCan4.jpg,AluCan
"PET/PET1,436.jpg",PET
PET/PET752.jpg,PET
Glass/Glass97.jpg,Glass
Glass/Glass378.jpg,Glass
Glass/Glass893.JPG,Glass
AluCan/AluCan251.jpg,AluCan
"PET/PET1,367.jpg",PET
"PET/PET1,095.jpg",PET
HDPEM/HDPEM881.JPG,HDPEM
Glass/Glass992.JPG,Glass
AluCan/AluCan606.jpg,AluCan
"AluCan/AluCan1,006.jpg",AluCan
PET/PET514.jpg,PET
"Glass/Glass1,223.JPG",Glass
PET/PET800.jpg,PET
Glass/Glass657.JPG,Glass
PET/PET482.jpg,PET
AluCan/AluCan236.jpg,AluCan
"PET/PET1,481.jpg",PET
"PET/PET1,701.jpg",PET
PET/PET446.jpg,PET
Glass/Glass517.jpg,Glass
AluCan/AluCan976.jpg,AluCan
PET/PET394.jpg,PET
"PET/PET1,341.jpg",PET
"AluCan/AluCan1,053.jpg",AluCan
HDPEM/HDPEM363.jpg,HDPEM
PET/PET332.jpg,PET
Glass/Glass879.JPG,Glass
PET/PET278.jpg,PET
"AluCan/AluCan1,035.jpg",AluCan
AluCan/AluCan54.jpg,AluCan
"PET/PET1,160.jpg",PET
Glass/Glass580.jpg,Glass
AluCan/AluCan92.jpg,AluCan
AluCan/AluCan494.jpg,AluCan
"PET/PET1,718.jpg",PET
AluCan/AluCan522.jpg,AluCan
Glass/Glass965.JPG,Glass
Glass/Glass697.JPG,Glass
PET/PET674.jpg,PET
PET/PET783.jpg,PET
Glass/Glass47.jpg,Glass
"PET/PET1,174.jpg",PET
Glass/Glass711.JPG,Glass
Glass/Glass682.JPG,Glass
AluCan/AluCan838.jpg,AluCan
PET/PET283.jpg,PET
"Glass/Glass1,207.JPG",Glass
"PET/PET1,707.jpg",PET
AluCan/AluCan686.jpg,AluCan
AluCan/AluCan557.jpg,AluCan
AluCan/AluCan648.jpg,AluCan
Glass/Glass270.jpg,Glass
"PET/PET1,405.jpg",PET
Glass/Glass524.jpg,Glass
"PET/PET1,254.jpg",PET
"PET/PET1,122.jpg",PET
"Glass/Glass1,194.JPG",Glass
Glass/Glass469.jpg,Glass
"PET/PET1,195.jpg",PET
AluCan/AluCan925.jpg,AluCan
AluCan/AluCan555.jpg,AluCan
AluCan/AluCan760.jpg,AluCan
AluCan/AluCan474.jpg,AluCan
Glass/Glass712.JPG,Glass
Glass/Glass983.JPG,Glass
"PET/PET1,637.jpg",PET
"Glass/Glass1,033.JPG",Glass
"Glass/Glass1,163.JPG",Glass
AluCan/AluCan319.jpg,AluCan
"Glass/Glass1,203.JPG",Glass
PET/PET711.jpg,PET
PET/PET428.jpg,PET
Glass/Glass105.jpg,Glass
Glass/Glass130.jpg,Glass
"AluCan/AluCan1,023.jpg",AluCan
"PET/PET1,679.jpg",PET
"PET/PET1,652.jpg",PET
"PET/PET1,624.jpg",PET
AluCan/AluCan94.jpg,AluCan
"PET/PET1,500.jpg",PET
"PET/PET1,345.jpg",PET
PET/PET707.jpg,PET
AluCan/AluCan566.jpg,AluCan
PET/PET594.jpg,PET
"Glass/Glass1,221.JPG",Glass
Glass/Glass504.jpg,Glass
AluCan/AluCan647.jpg,AluCan
AluCan/AluCan796.jpg,AluCan
"PET/PET1,251.jpg",PET
AluCan/AluCan768.jpg,AluCan
Glass/Glass995.JPG,Glass
"PET/PET1,146.jpg",PET
PET/PET664.jpg,PET
"PET/PET1,558.jpg",PET
AluCan/AluCan60.jpg,AluCan
PET/PET879.jpg,PET
Glass/Glass383.jpg,Glass
PET/PET701.jpg,PET
PET/PET809.jpg,PET
AluCan/AluCan431.jpg,AluCan
"PET/PET1,231.jpg",PET
Glass/Glass240.jpg,Glass
AluCan/AluCan404.jpg,AluCan
"PET/PET1,461.jpg",PET
"Glass/Glass1,311.JPG",Glass
"PET/PET1,193.jpg",PET
"PET/PET1,441.jpg",PET
AluCan/AluCan704.jpg,AluCan
Glass/Glass742.JPG,Glass
"PET/PET1,117.jpg",PET
"PET/PET1,201.jpg",PET
AluCan/AluCan505.jpg,AluCan
AluCan/AluCan187.jpg,AluCan
PET/PET593.jpg,PET
Glass/Glass372.jpg,Glass
AluCan/AluCan381.jpg,AluCan
Glass/Glass633.jpg,Glass
AluCan/AluCan501.jpg,AluCan
Glass/Glass654.JPG,Glass
Glass/Glass417.jpg,Glass
Glass/Glass978.JPG,Glass
AluCan/AluCan553.jpg,AluCan
AluCan/AluCan868.jpg,AluCan
Glass/Glass590.jpg,Glass
HDPEM/HDPEM957.JPG,HDPEM
PET/PET348.jpg,PET
PET/PET352.jpg,PET
AluCan/AluCan465.jpg,AluCan
"Glass/Glass1,093.JPG",Glass
Glass/Glass758.JPG,Glass
Glass/Glass51.jpg,Glass
Glass/Glass845.JPG,Glass
PET/PET574.jpg,PET
"PET/PET1,063.jpg",PET
PET/PET497.jpg,PET
PET/PET849.jpg,PET
Glass/Glass962.JPG,Glass
Glass/Glass744.JPG,Glass
AluCan/AluCan544.jpg,AluCan
AluCan/AluCan261.jpg,AluCan
PET/PET836.jpg,PET
AluCan/AluCan598.jpg,AluCan
"PET/PET1,501.jpg",PET
"PET/PET1,608.jpg",PET
AluCan/AluCan277.jpg,AluCan
Glass/Glass300.jpg,Glass
AluCan/AluCan491.jpg,AluCan
"Glass/Glass1,155.JPG",Glass
AluCan/AluCan790.jpg,AluCan
AluCan/AluCan831.jpg,AluCan
"PET/PET1,393.jpg",PET
Glass/Glass67.jpg,Glass
PET/PET805.jpg,PET
PET/PET447.jpg,PET
Glass/Glass653.JPG,Glass
AluCan/AluCan572.jpg,AluCan
"Glass/Glass1,166.JPG",Glass
AluCan/AluCan239.jpg,AluCan
PET/PET768.jpg,PET
Glass/Glass363.jpg,Glass
AluCan/AluCan426.jpg,AluCan
AluCan/AluCan322.jpg,AluCan
PET/PET618.jpg,PET
Glass/Glass525.jpg,Glass
AluCan/AluCan473.jpg,AluCan
AluCan/AluCan907.jpg,AluCan
"PET/PET1,364.jpg",PET
AluCan/AluCan855.jpg,AluCan
AluCan/AluCan809.jpg,AluCan
AluCan/AluCan799.jpg,AluCan
PET/PET510.jpg,PET
PET/PET848.jpg,PET
AluCan/AluCan993.jpg,AluCan
AluCan/AluCan705.jpg,AluCan
Glass/Glass695.JPG,Glass
PET/PET811.jpg,PET
AluCan/AluCan273.jpg,AluCan
"Glass/Glass1,237.JPG",Glass
AluCan/AluCan837.jpg,AluCan
"AluCan/AluCan1,049.jpg",AluCan
AluCan/AluCan989.jpg,AluCan
"PET/PET1,105.jpg",PET
AluCan/AluCan397.jpg,AluCan
AluCan/AluCan343.jpg,AluCan
"PET/PET1,198.jpg",PET
PET/PET801.jpg,PET
AluCan/AluCan214.jpg,AluCan
PET/PET544.jpg,PET
Glass/Glass987.JPG,Glass
Glass/Glass621.jpg,Glass
AluCan/AluCan609.jpg,AluCan
Glass/Glass895.JPG,Glass
AluCan/AluCan137.jpg,AluCan
Glass/Glass45.jpg,Glass
PET/PET784.jpg,PET
"PET/PET1,326.jpg",PET
"PET/PET1,604.jpg",PET
HDPEM/HDPEM173.jpg,HDPEM
Glass/Glass824.JPG,Glass
"PET/PET1,692.jpg",PET
PET/PET941.jpg,PET
"PET/PET1,536.jpg",PET
Glass/Glass294.jpg,Glass
PET/PET522.jpg,PET
"PET/PET1,098.jpg",PET
AluCan/AluCan143.jpg,AluCan
"PET/PET1,030.jpg",PET
"Glass/Glass1,280.JPG",Glass
Glass/Glass35.jpg,Glass
AluCan/AluCan407.jpg,AluCan
"PET/PET1,339.jpg",PET
AluCan/AluCan389.jpg,AluCan
Glass/Glass840.JPG,Glass
"Glass/Glass1,090.JPG",Glass
AluCan/AluCan926.jpg,AluCan
Glass/Glass478.jpg,Glass
Glass/Glass764.JPG,Glass
"PET/PET1,074.jpg",PET
Glass/Glass728.JPG,Glass
PET/PET915.jpg,PET
PET/PET931.jpg,PET
PET/PET920.jpg,PET
"PET/PET1,730.jpg",PET
"AluCan/AluCan1,015.jpg",AluCan
Glass/Glass402.jpg,Glass
AluCan/AluCan870.jpg,AluCan
"PET/PET1,751.jpg",PET
AluCan/AluCan742.jpg,AluCan
AluCan/AluCan642.jpg,AluCan
Glass/Glass651.JPG,Glass
Glass/Glass889.JPG,Glass
HDPEM/HDPEM364.jpg,HDPEM
PET/PET952.jpg,PET
AluCan/AluCan76.jpg,AluCan
Glass/Glass185.jpg,Glass
"PET/PET1,220.jpg",PET
Glass/Glass24.jpg,Glass
AluCan/AluCan250.jpg,AluCan
AluCan/AluCan386.jpg,AluCan
AluCan/AluCan727.jpg,AluCan
AluCan/AluCan418.jpg,AluCan
PET/PET841.jpg,PET
Glass/Glass131.jpg,Glass
PET/PET502.jpg,PET
Glass/Glass619.jpg,Glass
Glass/Glass274.jpg,Glass
AluCan/AluCan47.jpg,AluCan
Glass/Glass442.jpg,Glass
"PET/PET1,572.jpg",PET
"Glass/Glass1,172.JPG",Glass
"PET/PET1,150.jpg",PET
Glass/Glass416.jpg,Glass
"PET/PET1,460.jpg",PET
"PET/PET1,243.jpg",PET
"Glass/Glass1,150.JPG",Glass
Glass/Glass127.jpg,Glass
Glass/Glass293.jpg,Glass
"PET/PET1,166.jpg",PET
PET/PET922.jpg,PET
AluCan/AluCan154.jpg,AluCan
"Glass/Glass1,158.JPG",Glass
AluCan/AluCan323.jpg,AluCan
PET/PET895.jpg,PET
PET/PET892.jpg,PET
"PET/PET1,755.jpg",PET
"Glass/Glass1,247.JPG",Glass
Glass/Glass480.jpg,Glass
PET/PET960.jpg,PET
AluCan/AluCan309.jpg,AluCan
Glass/Glass808.JPG,Glass
PET/PET755.jpg,PET
Glass/Glass984.JPG,Glass
AluCan/AluCan456.jpg,AluCan
AluCan/AluCan408.jpg,AluCan
Glass/Glass694.JPG,Glass
AluCan/AluCan587.jpg,AluCan
AluCan/AluCan603.jpg,AluCan
AluCan/AluCan196.jpg,AluCan
"PET/PET1,753.jpg",PET
"PET/PET1,153.jpg",PET
"PET/PET1,188.jpg",PET
PET/PET961.jpg,PET
Glass/Glass586.jpg,Glass
Glass/Glass542.jpg,Glass
AluCan/AluCan693.jpg,AluCan
Glass/Glass182.jpg,Glass
AluCan/AluCan284.jpg,AluCan
AluCan/AluCan169.jpg,AluCan
AluCan/AluCan302.jpg,AluCan
"Glass/Glass1,262.JPG",Glass
PET/PET347.jpg,PET
PET/PET392.jpg,PET
"PET/PET1,299.jpg",PET
AluCan/AluCan930.jpg,AluCan
AluCan/AluCan910.jpg,AluCan
"PET/PET1,170.jpg",PET
"Glass/Glass1,039.JPG",Glass
"PET/PET1,323.jpg",PET
Glass/Glass760.JPG,Glass
AluCan/AluCan829.jpg,AluCan
HDPEM/HDPEM779.JPG,HDPEM
"Glass/Glass1,266.JPG",Glass
PET/PET385.jpg,PET
AluCan/AluCan707.jpg,AluCan
AluCan/AluCan16.jpg,AluCan
"PET/PET1,043.jpg",PET
AluCan/AluCan438.jpg,AluCan
PET/PET431.jpg,PET
"PET/PET1,000.jpg",PET
Glass/Glass593.jpg,Glass
PET/PET980.jpg,PET
PET/PET853.jpg,PET
AluCan/AluCan565.jpg,AluCan
AluCan/AluCan635.jpg,AluCan
HDPEM/HDPEM645.JPG,HDPEM
AluCan/AluCan730.jpg,AluCan
AluCan/AluCan590.jpg,AluCan
AluCan/AluCan765.jpg,AluCan
"PET/PET1,570.jpg",PET
AluCan/AluCan950.jpg,AluCan
Glass/Glass594.jpg,Glass
"Glass/Glass1,244.JPG",Glass
"PET/PET1,546.jpg",PET
Glass/Glass288.jpg,Glass
AluCan/AluCan542.jpg,AluCan
AluCan/AluCan296.jpg,AluCan
PET/PET557.jpg,PET
"AluCan/AluCan1,030.jpg",AluCan
AluCan/AluCan203.jpg,AluCan
Glass/Glass362.jpg,Glass
"PET/PET1,087.jpg",PET
AluCan/AluCan118.jpg,AluCan
Glass/Glass659.JPG,Glass
"AluCan/AluCan1,011.jpg",AluCan
Glass/Glass322.jpg,Glass
AluCan/AluCan161.jpg,AluCan
Glass/Glass771.JPG,Glass
Glass/Glass930.JPG,Glass
AluCan/AluCan265.jpg,AluCan
"Glass/Glass1,313.JPG",Glass
PET/PET356.jpg,PET
"Glass/Glass1,029.JPG",Glass
"PET/PET1,342.jpg",PET
Glass/Glass841.JPG,Glass
Glass/Glass639.jpg,Glass
AluCan/AluCan904.jpg,AluCan
PET/PET938.jpg,PET
Glass/Glass401.jpg,Glass
Glass/Glass266.jpg,Glass
AluCan/AluCan124.jpg,AluCan
Glass/Glass599.jpg,Glass
Glass/Glass976.JPG,Glass
"PET/PET1,068.jpg",PET
AluCan/AluCan568.jpg,AluCan
Glass/Glass311.jpg,Glass
AluCan/AluCan365.jpg,AluCan
AluCan/AluCan36.jpg,AluCan
AluCan/AluCan946.jpg,AluCan
PET/PET340.jpg,PET
"PET/PET1,042.jpg",PET
Glass/Glass292.jpg,Glass
"PET/PET1,183.jpg",PET
AluCan/AluCan756.jpg,AluCan
HDPEM/HDPEM280.jpg,HDPEM
PET/PET337.jpg,PET
AluCan/AluCan489.jpg,AluCan
"PET/PET1,044.jpg",PET
