"path","label"
"AluCan/AluCan1,000.jpg","AluCan"
"AluCan/AluCan1,001.jpg","AluCan"
"AluCan/AluCan1,002.jpg","AluCan"
"AluCan/AluCan1,003.jpg","AluCan"
"AluCan/AluCan1,004.jpg","AluCan"
"AluCan/AluCan1,005.jpg","AluCan"
"AluCan/AluCan1,006.jpg","AluCan"
"AluCan/AluCan1,007.jpg","AluCan"
"AluCan/AluCan1,008.jpg","AluCan"
"AluCan/AluCan1,009.jpg","AluCan"
"AluCan/AluCan1,010.jpg","AluCan"
"AluCan/AluCan1,011.jpg","AluCan"
"AluCan/AluCan1,012.jpg","AluCan"
"AluCan/AluCan1,013.jpg","AluCan"
"AluCan/AluCan1,014.jpg","AluCan"
"AluCan/AluCan1,015.jpg","AluCan"
"AluCan/AluCan1,016.jpg","AluCan"
"AluCan/AluCan1,017.jpg","AluCan"
"AluCan/AluCan1,018.jpg","AluCan"
"AluCan/AluCan1,019.jpg","AluCan"
"AluCan/AluCan1,020.jpg","AluCan"
"AluCan/AluCan1,022.jpg","AluCan"
"AluCan/AluCan1,023.jpg","AluCan"
"AluCan/AluCan1,024.jpg","AluCan"
"AluCan/AluCan1,025.jpg","AluCan"
"AluCan/AluCan1,026.jpg","AluCan"
"AluCan/AluCan1,027.jpg","AluCan"
"AluCan/AluCan1,028.jpg","AluCan"
"AluCan/AluCan1,029.jpg","AluCan"
"AluCan/AluCan1,030.jpg","AluCan"
"AluCan/AluCan1,031.jpg","AluCan"
"AluCan/AluCan1,032.jpg","AluCan"
"AluCan/AluCan1,033.jpg","AluCan"
"AluCan/AluCan1,035.jpg","AluCan"
"AluCan/AluCan1,036.jpg","AluCan"
"AluCan/AluCan1,037.jpg","AluCan"
"AluCan/AluCan1,038.jpg","AluCan"
"AluCan/AluCan1,039.jpg","AluCan"
"AluCan/AluCan1,041.jpg","AluCan"
"AluCan/AluCan1,042.jpg","AluCan"
"AluCan/AluCan1,043.jpg","AluCan"
"AluCan/AluCan1,044.jpg","AluCan"
"AluCan/AluCan1,045.jpg","AluCan"
"AluCan/AluCan1,046.jpg","AluCan"
"AluCan/AluCan1,047.jpg","AluCan"
"AluCan/AluCan1,048.jpg","AluCan"
"AluCan/AluCan1,049.jpg","AluCan"
"AluCan/AluCan1,050.jpg","AluCan"
"AluCan/AluCan1,051.jpg","AluCan"
"AluCan/AluCan1,052.jpg","AluCan"
"AluCan/AluCan1,053.jpg","AluCan"
"AluCan/AluCan1,055.jpg","AluCan"
"AluCan/AluCan1,056.jpg","AluCan"
"AluCan/AluCan1,057.jpg","AluCan"
"AluCan/AluCan1,058.jpg","AluCan"
"AluCan/AluCan1,059.jpg","AluCan"
"AluCan/AluCan1,060.jpg","AluCan"
"AluCan/AluCan1,061.jpg","AluCan"
"AluCan/AluCan1,062.jpg","AluCan"
"AluCan/AluCan1,063.jpg","AluCan"
"AluCan/AluCan101.jpg","AluCan"
"AluCan/AluCan102.jpg","AluCan"
"AluCan/AluCan103.jpg","AluCan"
"AluCan/AluCan104.jpg","AluCan"
"AluCan/AluCan105.jpg","AluCan"
"AluCan/AluCan106.jpg","AluCan"
"AluCan/AluCan107.jpg","AluCan"
"AluCan/AluCan108.jpg","AluCan"
"AluCan/AluCan109.jpg","AluCan"
"AluCan/AluCan11.jpg","AluCan"
"AluCan/AluCan110.jpg","AluCan"
"AluCan/AluCan112.jpg","AluCan"
"AluCan/AluCan113.jpg","AluCan"
"AluCan/AluCan114.jpg","AluCan"
"AluCan/AluCan115.jpg","AluCan"
"AluCan/AluCan116.jpg","AluCan"
"AluCan/AluCan117.jpg","AluCan"
"AluCan/AluCan118.jpg","AluCan"
"AluCan/AluCan119.jpg","AluCan"
"AluCan/AluCan120.jpg","AluCan"
"AluCan/AluCan122.jpg","AluCan"
"AluCan/AluCan124.jpg","AluCan"
"AluCan/AluCan125.jpg","AluCan"
"AluCan/AluCan126.jpg","AluCan"
"AluCan/AluCan127.jpg","AluCan"
"AluCan/AluCan128.jpg","AluCan"
"AluCan/AluCan129.jpg","AluCan"
"AluCan/AluCan13.jpg","AluCan"
"AluCan/AluCan130.jpg","AluCan"
"AluCan/AluCan132.jpg","AluCan"
"AluCan/AluCan133.jpg","AluCan"
"AluCan/AluCan134.jpg","AluCan"
"AluCan/AluCan135.jpg","AluCan"
"AluCan/AluCan136.jpg","AluCan"
"AluCan/AluCan137.jpg","AluCan"
"AluCan/AluCan138.jpg","AluCan"
"AluCan/AluCan139.jpg","AluCan"
"AluCan/AluCan140.jpg","AluCan"
"AluCan/AluCan141.jpg","AluCan"
"AluCan/AluCan142.jpg","AluCan"
"AluCan/AluCan143.jpg","AluCan"
"AluCan/AluCan144.jpg","AluCan"
"AluCan/AluCan145.jpg","AluCan"
"AluCan/AluCan146.jpg","AluCan"
"AluCan/AluCan148.jpg","AluCan"
"AluCan/AluCan149.jpg","AluCan"
"AluCan/AluCan150.jpg","AluCan"
"AluCan/AluCan151.jpg","AluCan"
"AluCan/AluCan152.jpg","AluCan"
"AluCan/AluCan153.jpg","AluCan"
"AluCan/AluCan154.jpg","AluCan"
"AluCan/AluCan155.jpg","AluCan"
"AluCan/AluCan156.jpg","AluCan"
"AluCan/AluCan157.jpg","AluCan"
"AluCan/AluCan158.jpg","AluCan"
"AluCan/AluCan159.jpg","AluCan"
"AluCan/AluCan16.jpg","AluCan"
"AluCan/AluCan160.jpg","AluCan"
"AluCan/AluCan161.jpg","AluCan"
"AluCan/AluCan162.jpg","AluCan"
"AluCan/AluCan163.jpg","AluCan"
"AluCan/AluCan164.jpg","AluCan"
"AluCan/AluCan165.jpg","AluCan"
"AluCan/AluCan166.jpg","AluCan"
"AluCan/AluCan167.jpg","AluCan"
"AluCan/AluCan168.jpg","AluCan"
"AluCan/AluCan169.jpg","AluCan"
"AluCan/AluCan17.jpg","AluCan"
"AluCan/AluCan170.jpg","AluCan"
"AluCan/AluCan171.jpg","AluCan"
"AluCan/AluCan172.jpg","AluCan"
"AluCan/AluCan173.jpg","AluCan"
"AluCan/AluCan174.jpg","AluCan"
"AluCan/AluCan176.jpg","AluCan"
"AluCan/AluCan177.jpg","AluCan"
"AluCan/AluCan178.jpg","AluCan"
"AluCan/AluCan179.jpg","AluCan"
"AluCan/AluCan18.jpg","AluCan"
"AluCan/AluCan180.jpg","AluCan"
"AluCan/AluCan181.jpg","AluCan"
"AluCan/AluCan182.jpg","AluCan"
"AluCan/AluCan183.jpg","AluCan"
"AluCan/AluCan184.jpg","AluCan"
"AluCan/AluCan185.jpg","AluCan"
"AluCan/AluCan186.jpg","AluCan"
"AluCan/AluCan187.jpg","AluCan"
"AluCan/AluCan188.jpg","AluCan"
"AluCan/AluCan189.jpg","AluCan"
"AluCan/AluCan19.jpg","AluCan"
"AluCan/AluCan190.jpg","AluCan"
"AluCan/AluCan191.jpg","AluCan"
"AluCan/AluCan192.jpg","AluCan"
"AluCan/AluCan193.jpg","AluCan"
"AluCan/AluCan195.jpg","AluCan"
"AluCan/AluCan196.jpg","AluCan"
"AluCan/AluCan197.jpg","AluCan"
"AluCan/AluCan198.jpg","AluCan"
"AluCan/AluCan199.jpg","AluCan"
"AluCan/AluCan2.jpg","AluCan"
"AluCan/AluCan20.jpg","AluCan"
"AluCan/AluCan200.jpg","AluCan"
"AluCan/AluCan201.jpg","AluCan"
"AluCan/AluCan202.jpg","AluCan"
"AluCan/AluCan203.jpg","AluCan"
"AluCan/AluCan204.jpg","AluCan"
"AluCan/AluCan206.jpg","AluCan"
"AluCan/AluCan207.jpg","AluCan"
"AluCan/AluCan209.jpg","AluCan"
"AluCan/AluCan210.jpg","AluCan"
"AluCan/AluCan211.jpg","AluCan"
"AluCan/AluCan212.jpg","AluCan"
"AluCan/AluCan213.jpg","AluCan"
"AluCan/AluCan214.jpg","AluCan"
"AluCan/AluCan215.jpg","AluCan"
"AluCan/AluCan216.jpg","AluCan"
"AluCan/AluCan217.jpg","AluCan"
"AluCan/AluCan218.jpg","AluCan"
"AluCan/AluCan219.jpg","AluCan"
"AluCan/AluCan22.jpg","AluCan"
"AluCan/AluCan220.jpg","AluCan"
"AluCan/AluCan221.jpg","AluCan"
"AluCan/AluCan222.jpg","AluCan"
"AluCan/AluCan223.jpg","AluCan"
"AluCan/AluCan224.jpg","AluCan"
"AluCan/AluCan225.jpg","AluCan"
"AluCan/AluCan226.jpg","AluCan"
"AluCan/AluCan227.jpg","AluCan"
"AluCan/AluCan228.jpg","AluCan"
"AluCan/AluCan229.jpg","AluCan"
"AluCan/AluCan23.jpg","AluCan"
"AluCan/AluCan230.jpg","AluCan"
"AluCan/AluCan231.jpg","AluCan"
"AluCan/AluCan232.jpg","AluCan"
"AluCan/AluCan233.jpg","AluCan"
"AluCan/AluCan234.jpg","AluCan"
"AluCan/AluCan235.jpg","AluCan"
"AluCan/AluCan236.jpg","AluCan"
"AluCan/AluCan237.jpg","AluCan"
"AluCan/AluCan238.jpg","AluCan"
"AluCan/AluCan239.jpg","AluCan"
"AluCan/AluCan24.jpg","AluCan"
"AluCan/AluCan240.jpg","AluCan"
"AluCan/AluCan241.jpg","AluCan"
"AluCan/AluCan242.jpg","AluCan"
"AluCan/AluCan243.jpg","AluCan"
"AluCan/AluCan244.jpg","AluCan"
"AluCan/AluCan245.jpg","AluCan"
"AluCan/AluCan246.jpg","AluCan"
"AluCan/AluCan247.jpg","AluCan"
"AluCan/AluCan248.jpg","AluCan"
"AluCan/AluCan249.jpg","AluCan"
"AluCan/AluCan25.jpg","AluCan"
"AluCan/AluCan250.jpg","AluCan"
"AluCan/AluCan251.jpg","AluCan"
"AluCan/AluCan252.jpg","AluCan"
"AluCan/AluCan253.jpg","AluCan"
"AluCan/AluCan254.jpg","AluCan"
"AluCan/AluCan255.jpg","AluCan"
"AluCan/AluCan256.jpg","AluCan"
"AluCan/AluCan257.jpg","AluCan"
"AluCan/AluCan258.jpg","AluCan"
"AluCan/AluCan26.jpg","AluCan"
"AluCan/AluCan260.jpg","AluCan"
"AluCan/AluCan261.jpg","AluCan"
"AluCan/AluCan262.jpg","AluCan"
"AluCan/AluCan263.jpg","AluCan"
"AluCan/AluCan264.jpg","AluCan"
"AluCan/AluCan265.jpg","AluCan"
"AluCan/AluCan266.jpg","AluCan"
"AluCan/AluCan267.jpg","AluCan"
"AluCan/AluCan268.jpg","AluCan"
"AluCan/AluCan27.jpg","AluCan"
"AluCan/AluCan270.jpg","AluCan"
"AluCan/AluCan271.jpg","AluCan"
"AluCan/AluCan272.jpg","AluCan"
"AluCan/AluCan273.jpg","AluCan"
"AluCan/AluCan274.jpg","AluCan"
"AluCan/AluCan275.jpg","AluCan"
"AluCan/AluCan276.jpg","AluCan"
"AluCan/AluCan277.jpg","AluCan"
"AluCan/AluCan278.jpg","AluCan"
"AluCan/AluCan279.jpg","AluCan"
"AluCan/AluCan28.jpg","AluCan"
"AluCan/AluCan280.jpg","AluCan"
"AluCan/AluCan281.jpg","AluCan"
"AluCan/AluCan282.jpg","AluCan"
"AluCan/AluCan283.jpg","AluCan"
"AluCan/AluCan284.jpg","AluCan"
"AluCan/AluCan285.jpg","AluCan"
"AluCan/AluCan286.jpg","AluCan"
"AluCan/AluCan287.jpg","AluCan"
"AluCan/AluCan288.jpg","AluCan"
"AluCan/AluCan289.jpg","AluCan"
"AluCan/AluCan29.jpg","AluCan"
"AluCan/AluCan290.jpg","AluCan"
"AluCan/AluCan291.jpg","AluCan"
"AluCan/AluCan292.jpg","AluCan"
"AluCan/AluCan293.jpg","AluCan"
"AluCan/AluCan294.jpg","AluCan"
"AluCan/AluCan295.jpg","AluCan"
"AluCan/AluCan296.jpg","AluCan"
"AluCan/AluCan297.jpg","AluCan"
"AluCan/AluCan298.jpg","AluCan"
"AluCan/AluCan299.jpg","AluCan"
"AluCan/AluCan3.jpg","AluCan"
"AluCan/AluCan30.jpg","AluCan"
"AluCan/AluCan300.jpg","AluCan"
"AluCan/AluCan301.jpg","AluCan"
"AluCan/AluCan302.jpg","AluCan"
"AluCan/AluCan303.jpg","AluCan"
"AluCan/AluCan304.jpg","AluCan"
"AluCan/AluCan305.jpg","AluCan"
"AluCan/AluCan306.jpg","AluCan"
"AluCan/AluCan307.jpg","AluCan"
"AluCan/AluCan308.jpg","AluCan"
"AluCan/AluCan309.jpg","AluCan"
"AluCan/AluCan31.jpg","AluCan"
"AluCan/AluCan310.jpg","AluCan"
"AluCan/AluCan311.jpg","AluCan"
"AluCan/AluCan312.jpg","AluCan"
"AluCan/AluCan313.jpg","AluCan"
"AluCan/AluCan314.jpg","AluCan"
"AluCan/AluCan315.jpg","AluCan"
"AluCan/AluCan317.jpg","AluCan"
"AluCan/AluCan318.jpg","AluCan"
"AluCan/AluCan319.jpg","AluCan"
"AluCan/AluCan32.jpg","AluCan"
"AluCan/AluCan320.jpg","AluCan"
"AluCan/AluCan321.jpg","AluCan"
"AluCan/AluCan322.jpg","AluCan"
"AluCan/AluCan323.jpg","AluCan"
"AluCan/AluCan324.jpg","AluCan"
"AluCan/AluCan325.jpg","AluCan"
"AluCan/AluCan326.jpg","AluCan"
"AluCan/AluCan327.jpg","AluCan"
"AluCan/AluCan328.jpg","AluCan"
"AluCan/AluCan33.jpg","AluCan"
"AluCan/AluCan330.jpg","AluCan"
"AluCan/AluCan331.jpg","AluCan"
"AluCan/AluCan332.jpg","AluCan"
"AluCan/AluCan333.jpg","AluCan"
"AluCan/AluCan334.jpg","AluCan"
"AluCan/AluCan335.jpg","AluCan"
"AluCan/AluCan336.jpg","AluCan"
"AluCan/AluCan337.jpg","AluCan"
"AluCan/AluCan338.jpg","AluCan"
"AluCan/AluCan339.jpg","AluCan"
"AluCan/AluCan34.jpg","AluCan"
"AluCan/AluCan340.jpg","AluCan"
"AluCan/AluCan341.jpg","AluCan"
"AluCan/AluCan342.jpg","AluCan"
"AluCan/AluCan343.jpg","AluCan"
"AluCan/AluCan344.jpg","AluCan"
"AluCan/AluCan345.jpg","AluCan"
"AluCan/AluCan346.jpg","AluCan"
"AluCan/AluCan347.jpg","AluCan"
"AluCan/AluCan348.jpg","AluCan"
"AluCan/AluCan349.jpg","AluCan"
"AluCan/AluCan35.jpg","AluCan"
"AluCan/AluCan350.jpg","AluCan"
"AluCan/AluCan351.jpg","AluCan"
"AluCan/AluCan352.jpg","AluCan"
"AluCan/AluCan353.jpg","AluCan"
"AluCan/AluCan355.jpg","AluCan"
"AluCan/AluCan356.jpg","AluCan"
"AluCan/AluCan357.jpg","AluCan"
"AluCan/AluCan358.jpg","AluCan"
"AluCan/AluCan359.jpg","AluCan"
"AluCan/AluCan36.jpg","AluCan"
"AluCan/AluCan360.jpg","AluCan"
"AluCan/AluCan361.jpg","AluCan"
"AluCan/AluCan362.jpg","AluCan"
"AluCan/AluCan363.jpg","AluCan"
"AluCan/AluCan364.jpg","AluCan"
"AluCan/AluCan365.jpg","AluCan"
"AluCan/AluCan366.jpg","AluCan"
"AluCan/AluCan367.jpg","AluCan"
"AluCan/AluCan368.jpg","AluCan"
"AluCan/AluCan369.jpg","AluCan"
"AluCan/AluCan37.jpg","AluCan"
"AluCan/AluCan370.jpg","AluCan"
"AluCan/AluCan371.jpg","AluCan"
"AluCan/AluCan372.jpg","AluCan"
"AluCan/AluCan373.jpg","AluCan"
"AluCan/AluCan374.jpg","AluCan"
"AluCan/AluCan375.jpg","AluCan"
"AluCan/AluCan376.jpg","AluCan"
"AluCan/AluCan377.jpg","AluCan"
"AluCan/AluCan378.jpg","AluCan"
"AluCan/AluCan379.jpg","AluCan"
"AluCan/AluCan38.jpg","AluCan"
"AluCan/AluCan380.jpg","AluCan"
"AluCan/AluCan381.jpg","AluCan"
"AluCan/AluCan382.jpg","AluCan"
"AluCan/AluCan383.jpg","AluCan"
"AluCan/AluCan384.jpg","AluCan"
"AluCan/AluCan385.jpg","AluCan"
"AluCan/AluCan386.jpg","AluCan"
"AluCan/AluCan387.jpg","AluCan"
"AluCan/AluCan388.jpg","AluCan"
"AluCan/AluCan389.jpg","AluCan"
"AluCan/AluCan39.jpg","AluCan"
"AluCan/AluCan390.jpg","AluCan"
"AluCan/AluCan391.jpg","AluCan"
"AluCan/AluCan392.jpg","AluCan"
"AluCan/AluCan393.jpg","AluCan"
"AluCan/AluCan394.jpg","AluCan"
"AluCan/AluCan395.jpg","AluCan"
"AluCan/AluCan397.jpg","AluCan"
"AluCan/AluCan398.jpg","AluCan"
"AluCan/AluCan399.jpg","AluCan"
"AluCan/AluCan4.jpg","AluCan"
"AluCan/AluCan40.jpg","AluCan"
"AluCan/AluCan400.jpg","AluCan"
"AluCan/AluCan401.jpg","AluCan"
"AluCan/AluCan402.jpg","AluCan"
"AluCan/AluCan403.jpg","AluCan"
"AluCan/AluCan404.jpg","AluCan"
"AluCan/AluCan405.jpg","AluCan"
"AluCan/AluCan406.jpg","AluCan"
"AluCan/AluCan407.jpg","AluCan"
"AluCan/AluCan408.jpg","AluCan"
"AluCan/AluCan409.jpg","AluCan"
"AluCan/AluCan41.jpg","AluCan"
"AluCan/AluCan411.jpg","AluCan"
"AluCan/AluCan412.jpg","AluCan"
"AluCan/AluCan413.jpg","AluCan"
"AluCan/AluCan415.jpg","AluCan"
"AluCan/AluCan416.jpg","AluCan"
"AluCan/AluCan417.jpg","AluCan"
"AluCan/AluCan418.jpg","AluCan"
"AluCan/AluCan419.jpg","AluCan"
"AluCan/AluCan42.jpg","AluCan"
"AluCan/AluCan420.jpg","AluCan"
"AluCan/AluCan421.jpg","AluCan"
"AluCan/AluCan422.jpg","AluCan"
"AluCan/AluCan423.jpg","AluCan"
"AluCan/AluCan424.jpg","AluCan"
"AluCan/AluCan425.jpg","AluCan"
"AluCan/AluCan426.jpg","AluCan"
"AluCan/AluCan427.jpg","AluCan"
"AluCan/AluCan428.jpg","AluCan"
"AluCan/AluCan429.jpg","AluCan"
"AluCan/AluCan43.jpg","AluCan"
"AluCan/AluCan430.jpg","AluCan"
"AluCan/AluCan431.jpg","AluCan"
"AluCan/AluCan432.jpg","AluCan"
"AluCan/AluCan433.jpg","AluCan"
"AluCan/AluCan434.jpg","AluCan"
"AluCan/AluCan435.jpg","AluCan"
"AluCan/AluCan436.jpg","AluCan"
"AluCan/AluCan437.jpg","AluCan"
"AluCan/AluCan438.jpg","AluCan"
"AluCan/AluCan439.jpg","AluCan"
"AluCan/AluCan44.jpg","AluCan"
"AluCan/AluCan441.jpg","AluCan"
"AluCan/AluCan443.jpg","AluCan"
"AluCan/AluCan444.jpg","AluCan"
"AluCan/AluCan445.jpg","AluCan"
"AluCan/AluCan446.jpg","AluCan"
"AluCan/AluCan447.jpg","AluCan"
"AluCan/AluCan448.jpg","AluCan"
"AluCan/AluCan449.jpg","AluCan"
"AluCan/AluCan45.jpg","AluCan"
"AluCan/AluCan450.jpg","AluCan"
"AluCan/AluCan451.jpg","AluCan"
"AluCan/AluCan452.jpg","AluCan"
"AluCan/AluCan453.jpg","AluCan"
"AluCan/AluCan455.jpg","AluCan"
"AluCan/AluCan456.jpg","AluCan"
"AluCan/AluCan457.jpg","AluCan"
"AluCan/AluCan458.jpg","AluCan"
"AluCan/AluCan459.jpg","AluCan"
"AluCan/AluCan46.jpg","AluCan"
"AluCan/AluCan460.jpg","AluCan"
"AluCan/AluCan461.jpg","AluCan"
"AluCan/AluCan462.jpg","AluCan"
"AluCan/AluCan463.jpg","AluCan"
"AluCan/AluCan464.jpg","AluCan"
"AluCan/AluCan465.jpg","AluCan"
"AluCan/AluCan466.jpg","AluCan"
"AluCan/AluCan468.jpg","AluCan"
"AluCan/AluCan47.jpg","AluCan"
"AluCan/AluCan470.jpg","AluCan"
"AluCan/AluCan471.jpg","AluCan"
"AluCan/AluCan472.jpg","AluCan"
"AluCan/AluCan473.jpg","AluCan"
"AluCan/AluCan474.jpg","AluCan"
"AluCan/AluCan475.jpg","AluCan"
"AluCan/AluCan476.jpg","AluCan"
"AluCan/AluCan477.jpg","AluCan"
"AluCan/AluCan478.jpg","AluCan"
"AluCan/AluCan479.jpg","AluCan"
"AluCan/AluCan48.jpg","AluCan"
"AluCan/AluCan480.jpg","AluCan"
"AluCan/AluCan481.jpg","AluCan"
"AluCan/AluCan482.jpg","AluCan"
"AluCan/AluCan483.jpg","AluCan"
"AluCan/AluCan484.jpg","AluCan"
"AluCan/AluCan485.jpg","AluCan"
"AluCan/AluCan486.jpg","AluCan"
"AluCan/AluCan487.jpg","AluCan"
"AluCan/AluCan489.jpg","AluCan"
"AluCan/AluCan49.jpg","AluCan"
"AluCan/AluCan490.jpg","AluCan"
"AluCan/AluCan491.jpg","AluCan"
"AluCan/AluCan492.jpg","AluCan"
"AluCan/AluCan493.jpg","AluCan"
"AluCan/AluCan494.jpg","AluCan"
"AluCan/AluCan495.jpg","AluCan"
"AluCan/AluCan496.jpg","AluCan"
"AluCan/AluCan497.jpg","AluCan"
"AluCan/AluCan498.jpg","AluCan"
"AluCan/AluCan499.jpg","AluCan"
"AluCan/AluCan5.jpg","AluCan"
"AluCan/AluCan50.jpg","AluCan"
"AluCan/AluCan500.jpg","AluCan"
"AluCan/AluCan501.jpg","AluCan"
"AluCan/AluCan502.jpg","AluCan"
"AluCan/AluCan503.jpg","AluCan"
"AluCan/AluCan504.jpg","AluCan"
"AluCan/AluCan505.jpg","AluCan"
"AluCan/AluCan506.jpg","AluCan"
"AluCan/AluCan507.jpg","AluCan"
"AluCan/AluCan508.jpg","AluCan"
"AluCan/AluCan509.jpg","AluCan"
"AluCan/AluCan51.jpg","AluCan"
"AluCan/AluCan510.jpg","AluCan"
"AluCan/AluCan511.jpg","AluCan"
"AluCan/AluCan512.jpg","AluCan"
"AluCan/AluCan513.jpg","AluCan"
"AluCan/AluCan514.jpg","AluCan"
"AluCan/AluCan515.jpg","AluCan"
"AluCan/AluCan516.jpg","AluCan"
"AluCan/AluCan517.jpg","AluCan"
"AluCan/AluCan518.jpg","AluCan"
"AluCan/AluCan519.jpg","AluCan"
"AluCan/AluCan52.jpg","AluCan"
"AluCan/AluCan520.jpg","AluCan"
"AluCan/AluCan521.jpg","AluCan"
"AluCan/AluCan522.jpg","AluCan"
"AluCan/AluCan523.jpg","AluCan"
"AluCan/AluCan524.jpg","AluCan"
"AluCan/AluCan525.jpg","AluCan"
"AluCan/AluCan526.jpg","AluCan"
"AluCan/AluCan527.jpg","AluCan"
"AluCan/AluCan528.jpg","AluCan"
"AluCan/AluCan529.jpg","AluCan"
"AluCan/AluCan53.jpg","AluCan"
"AluCan/AluCan530.jpg","AluCan"
"AluCan/AluCan531.jpg","AluCan"
"AluCan/AluCan532.jpg","AluCan"
"AluCan/AluCan533.jpg","AluCan"
"AluCan/AluCan534.jpg","AluCan"
"AluCan/AluCan535.jpg","AluCan"
"AluCan/AluCan536.jpg","AluCan"
"AluCan/AluCan538.jpg","AluCan"
"AluCan/AluCan539.jpg","AluCan"
"AluCan/AluCan54.jpg","AluCan"
"AluCan/AluCan540.jpg","AluCan"
"AluCan/AluCan541.jpg","AluCan"
"AluCan/AluCan542.jpg","AluCan"
"AluCan/AluCan544.jpg","AluCan"
"AluCan/AluCan545.jpg","AluCan"
"AluCan/AluCan546.jpg","AluCan"
"AluCan/AluCan547.jpg","AluCan"
"AluCan/AluCan548.jpg","AluCan"
"AluCan/AluCan549.jpg","AluCan"
"AluCan/AluCan55.jpg","AluCan"
"AluCan/AluCan550.jpg","AluCan"
"AluCan/AluCan552.jpg","AluCan"
"AluCan/AluCan553.jpg","AluCan"
"AluCan/AluCan554.jpg","AluCan"
"AluCan/AluCan555.jpg","AluCan"
"AluCan/AluCan556.jpg","AluCan"
"AluCan/AluCan557.jpg","AluCan"
"AluCan/AluCan558.jpg","AluCan"
"AluCan/AluCan559.jpg","AluCan"
"AluCan/AluCan56.jpg","AluCan"
"AluCan/AluCan560.jpg","AluCan"
"AluCan/AluCan561.jpg","AluCan"
"AluCan/AluCan562.jpg","AluCan"
"AluCan/AluCan563.jpg","AluCan"
"AluCan/AluCan564.jpg","AluCan"
"AluCan/AluCan565.jpg","AluCan"
"AluCan/AluCan566.jpg","AluCan"
"AluCan/AluCan567.jpg","AluCan"
"AluCan/AluCan568.jpg","AluCan"
"AluCan/AluCan569.jpg","AluCan"
"AluCan/AluCan57.jpg","AluCan"
"AluCan/AluCan570.jpg","AluCan"
"AluCan/AluCan571.jpg","AluCan"
"AluCan/AluCan572.jpg","AluCan"
"AluCan/AluCan573.jpg","AluCan"
"AluCan/AluCan574.jpg","AluCan"
"AluCan/AluCan575.jpg","AluCan"
"AluCan/AluCan576.jpg","AluCan"
"AluCan/AluCan577.jpg","AluCan"
"AluCan/AluCan578.jpg","AluCan"
"AluCan/AluCan579.jpg","AluCan"
"AluCan/AluCan58.jpg","AluCan"
"AluCan/AluCan580.jpg","AluCan"
"AluCan/AluCan581.jpg","AluCan"
"AluCan/AluCan582.jpg","AluCan"
"AluCan/AluCan583.jpg","AluCan"
"AluCan/AluCan584.jpg","AluCan"
"AluCan/AluCan585.jpg","AluCan"
"AluCan/AluCan586.jpg","AluCan"
"AluCan/AluCan587.jpg","AluCan"
"AluCan/AluCan588.jpg","AluCan"
"AluCan/AluCan589.jpg","AluCan"
"AluCan/AluCan59.jpg","AluCan"
"AluCan/AluCan590.jpg","AluCan"
"AluCan/AluCan591.jpg","AluCan"
"AluCan/AluCan592.jpg","AluCan"
"AluCan/AluCan593.jpg","AluCan"
"AluCan/AluCan594.jpg","AluCan"
"AluCan/AluCan595.jpg","AluCan"
"AluCan/AluCan596.jpg","AluCan"
"AluCan/AluCan597.jpg","AluCan"
"AluCan/AluCan598.jpg","AluCan"
"AluCan/AluCan599.jpg","AluCan"
"AluCan/AluCan6.jpg","AluCan"
"AluCan/AluCan60.jpg","AluCan"
"AluCan/AluCan600.jpg","AluCan"
"AluCan/AluCan601.jpg","AluCan"
"AluCan/AluCan602.jpg","AluCan"
"AluCan/AluCan603.jpg","AluCan"
"AluCan/AluCan604.jpg","AluCan"
"AluCan/AluCan605.jpg","AluCan"
"AluCan/AluCan606.jpg","AluCan"
"AluCan/AluCan607.jpg","AluCan"
"AluCan/AluCan608.jpg","AluCan"
"AluCan/AluCan609.jpg","AluCan"
"AluCan/AluCan61.jpg","AluCan"
"AluCan/AluCan610.jpg","AluCan"
"AluCan/AluCan611.jpg","AluCan"
"AluCan/AluCan612.jpg","AluCan"
"AluCan/AluCan613.jpg","AluCan"
"AluCan/AluCan614.jpg","AluCan"
"AluCan/AluCan615.jpg","AluCan"
"AluCan/AluCan616.jpg","AluCan"
"AluCan/AluCan617.jpg","AluCan"
"AluCan/AluCan618.jpg","AluCan"
"AluCan/AluCan619.jpg","AluCan"
"AluCan/AluCan62.jpg","AluCan"
"AluCan/AluCan620.jpg","AluCan"
"AluCan/AluCan621.jpg","AluCan"
"AluCan/AluCan622.jpg","AluCan"
"AluCan/AluCan623.jpg","AluCan"
"AluCan/AluCan624.jpg","AluCan"
"AluCan/AluCan625.jpg","AluCan"
"AluCan/AluCan626.jpg","AluCan"
"AluCan/AluCan627.jpg","AluCan"
"AluCan/AluCan628.jpg","AluCan"
"AluCan/AluCan629.jpg","AluCan"
"AluCan/AluCan63.jpg","AluCan"
"AluCan/AluCan630.jpg","AluCan"
"AluCan/AluCan631.jpg","AluCan"
"AluCan/AluCan632.jpg","AluCan"
"AluCan/AluCan633.jpg","AluCan"
"AluCan/AluCan634.jpg","AluCan"
"AluCan/AluCan635.jpg","AluCan"
"AluCan/AluCan636.jpg","AluCan"
"AluCan/AluCan638.jpg","AluCan"
"AluCan/AluCan639.jpg","AluCan"
"AluCan/AluCan64.jpg","AluCan"
"AluCan/AluCan640.jpg","AluCan"
"AluCan/AluCan641.jpg","AluCan"
"AluCan/AluCan642.jpg","AluCan"
"AluCan/AluCan643.jpg","AluCan"
"AluCan/AluCan644.jpg","AluCan"
"AluCan/AluCan645.jpg","AluCan"
"AluCan/AluCan646.jpg","AluCan"
"AluCan/AluCan647.jpg","AluCan"
"AluCan/AluCan648.jpg","AluCan"
"AluCan/AluCan649.jpg","AluCan"
"AluCan/AluCan65.jpg","AluCan"
"AluCan/AluCan650.jpg","AluCan"
"AluCan/AluCan651.jpg","AluCan"
"AluCan/AluCan652.jpg","AluCan"
"AluCan/AluCan653.jpg","AluCan"
"AluCan/AluCan654.jpg","AluCan"
"AluCan/AluCan655.jpg","AluCan"
"AluCan/AluCan656.jpg","AluCan"
"AluCan/AluCan657.jpg","AluCan"
"AluCan/AluCan658.jpg","AluCan"
"AluCan/AluCan659.jpg","AluCan"
"AluCan/AluCan66.jpg","AluCan"
"AluCan/AluCan660.jpg","AluCan"
"AluCan/AluCan661.jpg","AluCan"
"AluCan/AluCan662.jpg","AluCan"
"AluCan/AluCan663.jpg","AluCan"
"AluCan/AluCan665.jpg","AluCan"
"AluCan/AluCan666.jpg","AluCan"
"AluCan/AluCan667.jpg","AluCan"
"AluCan/AluCan668.jpg","AluCan"
"AluCan/AluCan67.jpg","AluCan"
"AluCan/AluCan670.jpg","AluCan"
"AluCan/AluCan671.jpg","AluCan"
"AluCan/AluCan672.jpg","AluCan"
"AluCan/AluCan673.jpg","AluCan"
"AluCan/AluCan674.jpg","AluCan"
"AluCan/AluCan676.jpg","AluCan"
"AluCan/AluCan677.jpg","AluCan"
"AluCan/AluCan678.jpg","AluCan"
"AluCan/AluCan679.jpg","AluCan"
"AluCan/AluCan68.jpg","AluCan"
"AluCan/AluCan681.jpg","AluCan"
"AluCan/AluCan682.jpg","AluCan"
"AluCan/AluCan683.jpg","AluCan"
"AluCan/AluCan684.jpg","AluCan"
"AluCan/AluCan685.jpg","AluCan"
"AluCan/AluCan686.jpg","AluCan"
"AluCan/AluCan687.jpg","AluCan"
"AluCan/AluCan688.jpg","AluCan"
"AluCan/AluCan689.jpg","AluCan"
"AluCan/AluCan690.jpg","AluCan"
"AluCan/AluCan691.jpg","AluCan"
"AluCan/AluCan692.jpg","AluCan"
"AluCan/AluCan693.jpg","AluCan"
"AluCan/AluCan694.jpg","AluCan"
"AluCan/AluCan695.jpg","AluCan"
"AluCan/AluCan696.jpg","AluCan"
"AluCan/AluCan697.jpg","AluCan"
"AluCan/AluCan698.jpg","AluCan"
"AluCan/AluCan699.jpg","AluCan"
"AluCan/AluCan7.jpg","AluCan"
"AluCan/AluCan70.jpg","AluCan"
"AluCan/AluCan700.jpg","AluCan"
"AluCan/AluCan701.jpg","AluCan"
"AluCan/AluCan702.jpg","AluCan"
"AluCan/AluCan703.jpg","AluCan"
"AluCan/AluCan704.jpg","AluCan"
"AluCan/AluCan705.jpg","AluCan"
"AluCan/AluCan706.jpg","AluCan"
"AluCan/AluCan707.jpg","AluCan"
"AluCan/AluCan708.jpg","AluCan"
"AluCan/AluCan709.jpg","AluCan"
"AluCan/AluCan71.jpg","AluCan"
"AluCan/AluCan710.jpg","AluCan"
"AluCan/AluCan712.jpg","AluCan"
"AluCan/AluCan713.jpg","AluCan"
"AluCan/AluCan714.jpg","AluCan"
"AluCan/AluCan715.jpg","AluCan"
"AluCan/AluCan716.jpg","AluCan"
"AluCan/AluCan717.jpg","AluCan"
"AluCan/AluCan718.jpg","AluCan"
"AluCan/AluCan719.jpg","AluCan"
"AluCan/AluCan72.jpg","AluCan"
"AluCan/AluCan720.jpg","AluCan"
"AluCan/AluCan721.jpg","AluCan"
"AluCan/AluCan722.jpg","AluCan"
"AluCan/AluCan723.jpg","AluCan"
"AluCan/AluCan724.jpg","AluCan"
"AluCan/AluCan725.jpg","AluCan"
"AluCan/AluCan726.jpg","AluCan"
"AluCan/AluCan727.jpg","AluCan"
"AluCan/AluCan728.jpg","AluCan"
"AluCan/AluCan729.jpg","AluCan"
"AluCan/AluCan73.jpg","AluCan"
"AluCan/AluCan730.jpg","AluCan"
"AluCan/AluCan731.jpg","AluCan"
"AluCan/AluCan732.jpg","AluCan"
"AluCan/AluCan733.jpg","AluCan"
"AluCan/AluCan734.jpg","AluCan"
"AluCan/AluCan735.jpg","AluCan"
"AluCan/AluCan736.jpg","AluCan"
"AluCan/AluCan737.jpg","AluCan"
"AluCan/AluCan738.jpg","AluCan"
"AluCan/AluCan739.jpg","AluCan"
"AluCan/AluCan74.jpg","AluCan"
"AluCan/AluCan740.jpg","AluCan"
"AluCan/AluCan741.jpg","AluCan"
"AluCan/AluCan742.jpg","AluCan"
"AluCan/AluCan743.jpg","AluCan"
"AluCan/AluCan744.jpg","AluCan"
"AluCan/AluCan745.jpg","AluCan"
"AluCan/AluCan746.jpg","AluCan"
"AluCan/AluCan747.jpg","AluCan"
"AluCan/AluCan748.jpg","AluCan"
"AluCan/AluCan749.jpg","AluCan"
"AluCan/AluCan75.jpg","AluCan"
"AluCan/AluCan750.jpg","AluCan"
"AluCan/AluCan751.jpg","AluCan"
"AluCan/AluCan752.jpg","AluCan"
"AluCan/AluCan753.jpg","AluCan"
"AluCan/AluCan754.jpg","AluCan"
"AluCan/AluCan755.jpg","AluCan"
"AluCan/AluCan756.jpg","AluCan"
"AluCan/AluCan757.jpg","AluCan"
"AluCan/AluCan758.jpg","AluCan"
"AluCan/AluCan759.jpg","AluCan"
"AluCan/AluCan76.jpg","AluCan"
"AluCan/AluCan760.jpg","AluCan"
"AluCan/AluCan762.jpg","AluCan"
"AluCan/AluCan763.jpg","AluCan"
"AluCan/AluCan764.jpg","AluCan"
"AluCan/AluCan765.jpg","AluCan"
"AluCan/AluCan766.jpg","AluCan"
"AluCan/AluCan767.jpg","AluCan"
"AluCan/AluCan768.jpg","AluCan"
"AluCan/AluCan769.jpg","AluCan"
"AluCan/AluCan77.jpg","AluCan"
"AluCan/AluCan770.jpg","AluCan"
"AluCan/AluCan771.jpg","AluCan"
"AluCan/AluCan772.jpg","AluCan"
"AluCan/AluCan773.jpg","AluCan"
"AluCan/AluCan774.jpg","AluCan"
"AluCan/AluCan775.jpg","AluCan"
"AluCan/AluCan776.jpg","AluCan"
"AluCan/AluCan777.jpg","AluCan"
"AluCan/AluCan778.jpg","AluCan"
"AluCan/AluCan779.jpg","AluCan"
"AluCan/AluCan78.jpg","AluCan"
"AluCan/AluCan780.jpg","AluCan"
"AluCan/AluCan781.jpg","AluCan"
"AluCan/AluCan782.jpg","AluCan"
"AluCan/AluCan783.jpg","AluCan"
"AluCan/AluCan784.jpg","AluCan"
"AluCan/AluCan785.jpg","AluCan"
"AluCan/AluCan786.jpg","AluCan"
"AluCan/AluCan787.jpg","AluCan"
"AluCan/AluCan788.jpg","AluCan"
"AluCan/AluCan789.jpg","AluCan"
"AluCan/AluCan79.jpg","AluCan"
"AluCan/AluCan790.jpg","AluCan"
"AluCan/AluCan791.jpg","AluCan"
"AluCan/AluCan793.jpg","AluCan"
"AluCan/AluCan794.jpg","AluCan"
"AluCan/AluCan796.jpg","AluCan"
"AluCan/AluCan797.jpg","AluCan"
"AluCan/AluCan798.jpg","AluCan"
"AluCan/AluCan799.jpg","AluCan"
"AluCan/AluCan8.jpg","AluCan"
"AluCan/AluCan80.jpg","AluCan"
"AluCan/AluCan800.jpg","AluCan"
"AluCan/AluCan801.jpg","AluCan"
"AluCan/AluCan803.jpg","AluCan"
"AluCan/AluCan804.jpg","AluCan"
"AluCan/AluCan805.jpg","AluCan"
"AluCan/AluCan806.jpg","AluCan"
"AluCan/AluCan809.jpg","AluCan"
"AluCan/AluCan81.jpg","AluCan"
"AluCan/AluCan810.jpg","AluCan"
"AluCan/AluCan811.jpg","AluCan"
"AluCan/AluCan812.jpg","AluCan"
"AluCan/AluCan813.jpg","AluCan"
"AluCan/AluCan814.jpg","AluCan"
"AluCan/AluCan815.jpg","AluCan"
"AluCan/AluCan816.jpg","AluCan"
"AluCan/AluCan817.jpg","AluCan"
"AluCan/AluCan818.jpg","AluCan"
"AluCan/AluCan819.jpg","AluCan"
"AluCan/AluCan82.jpg","AluCan"
"AluCan/AluCan820.jpg","AluCan"
"AluCan/AluCan821.jpg","AluCan"
"AluCan/AluCan822.jpg","AluCan"
"AluCan/AluCan823.jpg","AluCan"
"AluCan/AluCan824.jpg","AluCan"
"AluCan/AluCan825.jpg","AluCan"
"AluCan/AluCan826.jpg","AluCan"
"AluCan/AluCan827.jpg","AluCan"
"AluCan/AluCan828.jpg","AluCan"
"AluCan/AluCan829.jpg","AluCan"
"AluCan/AluCan83.jpg","AluCan"
"AluCan/AluCan830.jpg","AluCan"
"AluCan/AluCan831.jpg","AluCan"
"AluCan/AluCan832.jpg","AluCan"
"AluCan/AluCan833.jpg","AluCan"
"AluCan/AluCan834.jpg","AluCan"
"AluCan/AluCan835.jpg","AluCan"
"AluCan/AluCan836.jpg","AluCan"
"AluCan/AluCan837.jpg","AluCan"
"AluCan/AluCan838.jpg","AluCan"
"AluCan/AluCan839.jpg","AluCan"
"AluCan/AluCan84.jpg","AluCan"
"AluCan/AluCan840.jpg","AluCan"
"AluCan/AluCan841.jpg","AluCan"
"AluCan/AluCan844.jpg","AluCan"
"AluCan/AluCan845.jpg","AluCan"
"AluCan/AluCan846.jpg","AluCan"
"AluCan/AluCan849.jpg","AluCan"
"AluCan/AluCan85.jpg","AluCan"
"AluCan/AluCan850.jpg","AluCan"
"AluCan/AluCan851.jpg","AluCan"
"AluCan/AluCan852.jpg","AluCan"
"AluCan/AluCan853.jpg","AluCan"
"AluCan/AluCan854.jpg","AluCan"
"AluCan/AluCan855.jpg","AluCan"
"AluCan/AluCan856.jpg","AluCan"
"AluCan/AluCan857.jpg","AluCan"
"AluCan/AluCan858.jpg","AluCan"
"AluCan/AluCan859.jpg","AluCan"
"AluCan/AluCan86.jpg","AluCan"
"AluCan/AluCan860.jpg","AluCan"
"AluCan/AluCan861.jpg","AluCan"
"AluCan/AluCan862.jpg","AluCan"
"AluCan/AluCan863.jpg","AluCan"
"AluCan/AluCan864.jpg","AluCan"
"AluCan/AluCan865.jpg","AluCan"
"AluCan/AluCan866.jpg","AluCan"
"AluCan/AluCan867.jpg","AluCan"
"AluCan/AluCan868.jpg","AluCan"
"AluCan/AluCan869.jpg","AluCan"
"AluCan/AluCan87.jpg","AluCan"
"AluCan/AluCan870.jpg","AluCan"
"AluCan/AluCan871.jpg","AluCan"
"AluCan/AluCan873.jpg","AluCan"
"AluCan/AluCan874.jpg","AluCan"
"AluCan/AluCan875.jpg","AluCan"
"AluCan/AluCan876.jpg","AluCan"
"AluCan/AluCan879.jpg","AluCan"
"AluCan/AluCan88.jpg","AluCan"
"AluCan/AluCan880.jpg","AluCan"
"AluCan/AluCan881.jpg","AluCan"
"AluCan/AluCan882.jpg","AluCan"
"AluCan/AluCan883.jpg","AluCan"
"AluCan/AluCan885.jpg","AluCan"
"AluCan/AluCan886.jpg","AluCan"
"AluCan/AluCan887.jpg","AluCan"
"AluCan/AluCan888.jpg","AluCan"
"AluCan/AluCan889.jpg","AluCan"
"AluCan/AluCan89.jpg","AluCan"
"AluCan/AluCan890.jpg","AluCan"
"AluCan/AluCan891.jpg","AluCan"
"AluCan/AluCan892.jpg","AluCan"
"AluCan/AluCan893.jpg","AluCan"
"AluCan/AluCan894.jpg","AluCan"
"AluCan/AluCan895.jpg","AluCan"
"AluCan/AluCan896.jpg","AluCan"
"AluCan/AluCan897.jpg","AluCan"
"AluCan/AluCan898.jpg","AluCan"
"AluCan/AluCan899.jpg","AluCan"
"AluCan/AluCan9.jpg","AluCan"
"AluCan/AluCan90.jpg","AluCan"
"AluCan/AluCan900.jpg","AluCan"
"AluCan/AluCan901.jpg","AluCan"
"AluCan/AluCan902.jpg","AluCan"
"AluCan/AluCan903.jpg","AluCan"
"AluCan/AluCan904.jpg","AluCan"
"AluCan/AluCan905.jpg","AluCan"
"AluCan/AluCan906.jpg","AluCan"
"AluCan/AluCan907.jpg","AluCan"
"AluCan/AluCan908.jpg","AluCan"
"AluCan/AluCan909.jpg","AluCan"
"AluCan/AluCan91.jpg","AluCan"
"AluCan/AluCan910.jpg","AluCan"
"AluCan/AluCan911.jpg","AluCan"
"AluCan/AluCan912.jpg","AluCan"
"AluCan/AluCan913.jpg","AluCan"
"AluCan/AluCan914.jpg","AluCan"
"AluCan/AluCan916.jpg","AluCan"
"AluCan/AluCan917.jpg","AluCan"
"AluCan/AluCan918.jpg","AluCan"
"AluCan/AluCan919.jpg","AluCan"
"AluCan/AluCan92.jpg","AluCan"
"AluCan/AluCan920.jpg","AluCan"
"AluCan/AluCan922.jpg","AluCan"
"AluCan/AluCan923.jpg","AluCan"
"AluCan/AluCan925.jpg","AluCan"
"AluCan/AluCan926.jpg","AluCan"
"AluCan/AluCan927.jpg","AluCan"
"AluCan/AluCan928.jpg","AluCan"
"AluCan/AluCan929.jpg","AluCan"
"AluCan/AluCan93.jpg","AluCan"
"AluCan/AluCan930.jpg","AluCan"
"AluCan/AluCan931.jpg","AluCan"
"AluCan/AluCan932.jpg","AluCan"
"AluCan/AluCan933.jpg","AluCan"
"AluCan/AluCan934.jpg","AluCan"
"AluCan/AluCan935.jpg","AluCan"
"AluCan/AluCan936.jpg","AluCan"
"AluCan/AluCan937.jpg","AluCan"
"AluCan/AluCan938.jpg","AluCan"
"AluCan/AluCan939.jpg","AluCan"
"AluCan/AluCan94.jpg","AluCan"
"AluCan/AluCan940.jpg","AluCan"
"AluCan/AluCan941.jpg","AluCan"
"AluCan/AluCan942.jpg","AluCan"
"AluCan/AluCan943.jpg","AluCan"
"AluCan/AluCan944.jpg","AluCan"
"AluCan/AluCan945.jpg","AluCan"
"AluCan/AluCan946.jpg","AluCan"
"AluCan/AluCan947.jpg","AluCan"
"AluCan/AluCan948.jpg","AluCan"
"AluCan/AluCan949.jpg","AluCan"
"AluCan/AluCan95.jpg","AluCan"
"AluCan/AluCan950.jpg","AluCan"
"AluCan/AluCan951.jpg","AluCan"
"AluCan/AluCan952.jpg","AluCan"
"AluCan/AluCan953.jpg","AluCan"
"AluCan/AluCan954.jpg","AluCan"
"AluCan/AluCan955.jpg","AluCan"
"AluCan/AluCan956.jpg","AluCan"
"AluCan/AluCan957.jpg","AluCan"
"AluCan/AluCan958.jpg","AluCan"
"AluCan/AluCan959.jpg","AluCan"
"AluCan/AluCan96.jpg","AluCan"
"AluCan/AluCan960.jpg","AluCan"
"AluCan/AluCan961.jpg","AluCan"
"AluCan/AluCan962.jpg","AluCan"
"AluCan/AluCan963.jpg","AluCan"
"AluCan/AluCan964.jpg","AluCan"
"AluCan/AluCan965.jpg","AluCan"
"AluCan/AluCan966.jpg","AluCan"
"AluCan/AluCan967.jpg","AluCan"
"AluCan/AluCan968.jpg","AluCan"
"AluCan/AluCan969.jpg","AluCan"
"AluCan/AluCan97.jpg","AluCan"
"AluCan/AluCan970.jpg","AluCan"
"AluCan/AluCan971.jpg","AluCan"
"AluCan/AluCan972.jpg","AluCan"
"AluCan/AluCan973.jpg","AluCan"
"AluCan/AluCan974.jpg","AluCan"
"AluCan/AluCan976.jpg","AluCan"
"AluCan/AluCan977.jpg","AluCan"
"AluCan/AluCan978.jpg","AluCan"
"AluCan/AluCan979.jpg","AluCan"
"AluCan/AluCan98.jpg","AluCan"
"AluCan/AluCan980.jpg","AluCan"
"AluCan/AluCan981.jpg","AluCan"
"AluCan/AluCan982.jpg","AluCan"
"AluCan/AluCan983.jpg","AluCan"
"AluCan/AluCan984.jpg","AluCan"
"AluCan/AluCan985.jpg","AluCan"
"AluCan/AluCan986.jpg","AluCan"
"AluCan/AluCan987.jpg","AluCan"
"AluCan/AluCan988.jpg","AluCan"
"AluCan/AluCan989.jpg","AluCan"
"AluCan/AluCan99.jpg","AluCan"
"AluCan/AluCan990.jpg","AluCan"
"AluCan/AluCan991.jpg","AluCan"
"AluCan/AluCan992.jpg","AluCan"
"AluCan/AluCan993.jpg","AluCan"
"AluCan/AluCan994.jpg","AluCan"
"AluCan/AluCan995.jpg","AluCan"
"AluCan/AluCan997.jpg","AluCan"
"AluCan/AluCan998.jpg","AluCan"
"AluCan/AluCan999.jpg","AluCan"
"Glass/Glass1,000.JPG","Glass"
"Glass/Glass1,001.JPG","Glass"
"Glass/Glass1,003.JPG","Glass"
"Glass/Glass1,004.JPG","Glass"
"Glass/Glass1,005.JPG","Glass"
"Glass/Glass1,006.JPG","Glass"
"Glass/Glass1,007.JPG","Glass"
"Glass/Glass1,009.JPG","Glass"
"Glass/Glass1,010.JPG","Glass"
"Glass/Glass1,011.JPG","Glass"
"Glass/Glass1,013.JPG","Glass"
"Glass/Glass1,017.JPG","Glass"
"Glass/Glass1,018.JPG","Glass"
"Glass/Glass1,019.JPG","Glass"
"Glass/Glass1,020.JPG","Glass"
"Glass/Glass1,021.JPG","Glass"
"Glass/Glass1,025.JPG","Glass"
"Glass/Glass1,026.JPG","Glass"
"Glass/Glass1,027.JPG","Glass"
"Glass/Glass1,028.JPG","Glass"
"Glass/Glass1,029.JPG","Glass"
"Glass/Glass1,030.JPG","Glass"
"Glass/Glass1,032.JPG","Glass"
"Glass/Glass1,033.JPG","Glass"
"Glass/Glass1,034.JPG","Glass"
"Glass/Glass1,035.JPG","Glass"
"Glass/Glass1,036.JPG","Glass"
"Glass/Glass1,037.JPG","Glass"
"Glass/Glass1,038.JPG","Glass"
"Glass/Glass1,039.JPG","Glass"
"Glass/Glass1,040.JPG","Glass"
"Glass/Glass1,041.JPG","Glass"
"Glass/Glass1,043.JPG","Glass"
"Glass/Glass1,044.JPG","Glass"
"Glass/Glass1,045.JPG","Glass"
"Glass/Glass1,046.JPG","Glass"
"Glass/Glass1,047.JPG","Glass"
"Glass/Glass1,048.JPG","Glass"
"Glass/Glass1,049.JPG","Glass"
"Glass/Glass1,050.JPG","Glass"
"Glass/Glass1,051.JPG","Glass"
"Glass/Glass1,052.JPG","Glass"
"Glass/Glass1,054.JPG","Glass"
"Glass/Glass1,055.JPG","Glass"
"Glass/Glass1,056.JPG","Glass"
"Glass/Glass1,057.JPG","Glass"
"Glass/Glass1,058.JPG","Glass"
"Glass/Glass1,060.JPG","Glass"
"Glass/Glass1,061.JPG","Glass"
"Glass/Glass1,063.JPG","Glass"
"Glass/Glass1,064.JPG","Glass"
"Glass/Glass1,065.JPG","Glass"
"Glass/Glass1,066.JPG","Glass"
"Glass/Glass1,067.JPG","Glass"
"Glass/Glass1,069.JPG","Glass"
"Glass/Glass1,072.JPG","Glass"
"Glass/Glass1,073.JPG","Glass"
"Glass/Glass1,074.JPG","Glass"
"Glass/Glass1,075.JPG","Glass"
"Glass/Glass1,076.JPG","Glass"
"Glass/Glass1,077.JPG","Glass"
"Glass/Glass1,078.JPG","Glass"
"Glass/Glass1,079.JPG","Glass"
"Glass/Glass1,089.JPG","Glass"
"Glass/Glass1,090.JPG","Glass"
"Glass/Glass1,091.JPG","Glass"
"Glass/Glass1,092.JPG","Glass"
"Glass/Glass1,093.JPG","Glass"
"Glass/Glass1,094.JPG","Glass"
"Glass/Glass1,095.JPG","Glass"
"Glass/Glass1,096.JPG","Glass"
"Glass/Glass1,097.JPG","Glass"
"Glass/Glass1,098.JPG","Glass"
"Glass/Glass1,100.JPG","Glass"
"Glass/Glass1,101.JPG","Glass"
"Glass/Glass1,102.JPG","Glass"
"Glass/Glass1,103.JPG","Glass"
"Glass/Glass1,104.JPG","Glass"
"Glass/Glass1,105.JPG","Glass"
"Glass/Glass1,106.JPG","Glass"
"Glass/Glass1,107.JPG","Glass"
"Glass/Glass1,108.JPG","Glass"
"Glass/Glass1,112.JPG","Glass"
"Glass/Glass1,113.JPG","Glass"
"Glass/Glass1,114.JPG","Glass"
"Glass/Glass1,115.JPG","Glass"
"Glass/Glass1,116.JPG","Glass"
"Glass/Glass1,117.JPG","Glass"
"Glass/Glass1,119.JPG","Glass"
"Glass/Glass1,120.JPG","Glass"
"Glass/Glass1,122.JPG","Glass"
"Glass/Glass1,123.JPG","Glass"
"Glass/Glass1,124.JPG","Glass"
"Glass/Glass1,125.JPG","Glass"
"Glass/Glass1,126.JPG","Glass"
"Glass/Glass1,128.JPG","Glass"
"Glass/Glass1,129.JPG","Glass"
"Glass/Glass1,130.JPG","Glass"
"Glass/Glass1,131.JPG","Glass"
"Glass/Glass1,132.JPG","Glass"
"Glass/Glass1,133.JPG","Glass"
"Glass/Glass1,135.JPG","Glass"
"Glass/Glass1,136.JPG","Glass"
"Glass/Glass1,137.JPG","Glass"
"Glass/Glass1,138.JPG","Glass"
"Glass/Glass1,139.JPG","Glass"
"Glass/Glass1,141.JPG","Glass"
"Glass/Glass1,142.JPG","Glass"
"Glass/Glass1,143.JPG","Glass"
"Glass/Glass1,144.JPG","Glass"
"Glass/Glass1,145.JPG","Glass"
"Glass/Glass1,146.JPG","Glass"
"Glass/Glass1,147.JPG","Glass"
"Glass/Glass1,148.JPG","Glass"
"Glass/Glass1,149.JPG","Glass"
"Glass/Glass1,150.JPG","Glass"
"Glass/Glass1,151.JPG","Glass"
"Glass/Glass1,152.JPG","Glass"
"Glass/Glass1,153.JPG","Glass"
"Glass/Glass1,154.JPG","Glass"
"Glass/Glass1,155.JPG","Glass"
"Glass/Glass1,156.JPG","Glass"
"Glass/Glass1,157.JPG","Glass"
"Glass/Glass1,158.JPG","Glass"
"Glass/Glass1,159.JPG","Glass"
"Glass/Glass1,160.JPG","Glass"
"Glass/Glass1,161.JPG","Glass"
"Glass/Glass1,162.JPG","Glass"
"Glass/Glass1,163.JPG","Glass"
"Glass/Glass1,165.JPG","Glass"
"Glass/Glass1,166.JPG","Glass"
"Glass/Glass1,167.JPG","Glass"
"Glass/Glass1,168.JPG","Glass"
"Glass/Glass1,169.JPG","Glass"
"Glass/Glass1,171.JPG","Glass"
"Glass/Glass1,172.JPG","Glass"
"Glass/Glass1,173.JPG","Glass"
"Glass/Glass1,174.JPG","Glass"
"Glass/Glass1,175.JPG","Glass"
"Glass/Glass1,176.JPG","Glass"
"Glass/Glass1,177.JPG","Glass"
"Glass/Glass1,178.JPG","Glass"
"Glass/Glass1,180.JPG","Glass"
"Glass/Glass1,181.JPG","Glass"
"Glass/Glass1,182.JPG","Glass"
"Glass/Glass1,183.JPG","Glass"
"Glass/Glass1,185.JPG","Glass"
"Glass/Glass1,187.JPG","Glass"
"Glass/Glass1,190.JPG","Glass"
"Glass/Glass1,191.JPG","Glass"
"Glass/Glass1,193.JPG","Glass"
"Glass/Glass1,194.JPG","Glass"
"Glass/Glass1,195.JPG","Glass"
"Glass/Glass1,196.JPG","Glass"
"Glass/Glass1,197.JPG","Glass"
"Glass/Glass1,198.JPG","Glass"
"Glass/Glass1,199.JPG","Glass"
"Glass/Glass1,200.JPG","Glass"
"Glass/Glass1,201.JPG","Glass"
"Glass/Glass1,203.JPG","Glass"
"Glass/Glass1,205.JPG","Glass"
"Glass/Glass1,206.JPG","Glass"
"Glass/Glass1,207.JPG","Glass"
"Glass/Glass1,208.JPG","Glass"
"Glass/Glass1,212.JPG","Glass"
"Glass/Glass1,213.JPG","Glass"
"Glass/Glass1,214.JPG","Glass"
"Glass/Glass1,215.JPG","Glass"
"Glass/Glass1,216.JPG","Glass"
"Glass/Glass1,217.JPG","Glass"
"Glass/Glass1,221.JPG","Glass"
"Glass/Glass1,222.JPG","Glass"
"Glass/Glass1,223.JPG","Glass"
"Glass/Glass1,224.JPG","Glass"
"Glass/Glass1,225.JPG","Glass"
"Glass/Glass1,227.JPG","Glass"
"Glass/Glass1,228.JPG","Glass"
"Glass/Glass1,229.JPG","Glass"
"Glass/Glass1,230.JPG","Glass"
"Glass/Glass1,231.JPG","Glass"
"Glass/Glass1,232.JPG","Glass"
"Glass/Glass1,233.JPG","Glass"
"Glass/Glass1,234.JPG","Glass"
"Glass/Glass1,237.JPG","Glass"
"Glass/Glass1,239.JPG","Glass"
"Glass/Glass1,240.JPG","Glass"
"Glass/Glass1,241.JPG","Glass"
"Glass/Glass1,243.JPG","Glass"
"Glass/Glass1,244.JPG","Glass"
"Glass/Glass1,245.JPG","Glass"
"Glass/Glass1,246.JPG","Glass"
"Glass/Glass1,247.JPG","Glass"
"Glass/Glass1,248.JPG","Glass"
"Glass/Glass1,250.JPG","Glass"
"Glass/Glass1,251.JPG","Glass"
"Glass/Glass1,252.JPG","Glass"
"Glass/Glass1,253.JPG","Glass"
"Glass/Glass1,254.JPG","Glass"
"Glass/Glass1,256.JPG","Glass"
"Glass/Glass1,257.JPG","Glass"
"Glass/Glass1,258.JPG","Glass"
"Glass/Glass1,260.JPG","Glass"
"Glass/Glass1,261.JPG","Glass"
"Glass/Glass1,262.JPG","Glass"
"Glass/Glass1,263.JPG","Glass"
"Glass/Glass1,264.JPG","Glass"
"Glass/Glass1,265.JPG","Glass"
"Glass/Glass1,266.JPG","Glass"
"Glass/Glass1,267.JPG","Glass"
"Glass/Glass1,268.JPG","Glass"
"Glass/Glass1,269.JPG","Glass"
"Glass/Glass1,270.JPG","Glass"
"Glass/Glass1,271.JPG","Glass"
"Glass/Glass1,272.JPG","Glass"
"Glass/Glass1,274.JPG","Glass"
"Glass/Glass1,275.JPG","Glass"
"Glass/Glass1,276.JPG","Glass"
"Glass/Glass1,277.JPG","Glass"
"Glass/Glass1,279.JPG","Glass"
"Glass/Glass1,280.JPG","Glass"
"Glass/Glass1,281.JPG","Glass"
"Glass/Glass1,282.JPG","Glass"
"Glass/Glass1,283.JPG","Glass"
"Glass/Glass1,285.JPG","Glass"
"Glass/Glass1,286.JPG","Glass"
"Glass/Glass1,288.JPG","Glass"
"Glass/Glass1,289.JPG","Glass"
"Glass/Glass1,290.JPG","Glass"
"Glass/Glass1,291.JPG","Glass"
"Glass/Glass1,293.JPG","Glass"
"Glass/Glass1,294.JPG","Glass"
"Glass/Glass1,295.JPG","Glass"
"Glass/Glass1,296.JPG","Glass"
"Glass/Glass1,297.JPG","Glass"
"Glass/Glass1,298.JPG","Glass"
"Glass/Glass1,299.JPG","Glass"
"Glass/Glass1,300.JPG","Glass"
"Glass/Glass1,301.JPG","Glass"
"Glass/Glass1,302.JPG","Glass"
"Glass/Glass1,303.JPG","Glass"
"Glass/Glass1,305.JPG","Glass"
"Glass/Glass1,306.JPG","Glass"
"Glass/Glass1,307.JPG","Glass"
"Glass/Glass1,308.JPG","Glass"
"Glass/Glass1,309.JPG","Glass"
"Glass/Glass1,310.JPG","Glass"
"Glass/Glass1,311.JPG","Glass"
"Glass/Glass1,312.JPG","Glass"
"Glass/Glass1,313.JPG","Glass"
"Glass/Glass1,314.JPG","Glass"
"Glass/Glass1.jpg","Glass"
"Glass/Glass10.jpg","Glass"
"Glass/Glass101.jpg","Glass"
"Glass/Glass102.jpg","Glass"
"Glass/Glass103.jpg","Glass"
"Glass/Glass104.jpg","Glass"
"Glass/Glass105.jpg","Glass"
"Glass/Glass109.jpg","Glass"
"Glass/Glass11.jpg","Glass"
"Glass/Glass110.jpg","Glass"
"Glass/Glass111.jpg","Glass"
"Glass/Glass112.jpg","Glass"
"Glass/Glass113.jpg","Glass"
"Glass/Glass115.jpg","Glass"
"Glass/Glass117.jpg","Glass"
"Glass/Glass118.jpg","Glass"
"Glass/Glass119.jpg","Glass"
"Glass/Glass12.jpg","Glass"
"Glass/Glass121.jpg","Glass"
"Glass/Glass124.jpg","Glass"
"Glass/Glass126.jpg","Glass"
"Glass/Glass127.jpg","Glass"
"Glass/Glass128.jpg","Glass"
"Glass/Glass13.jpg","Glass"
"Glass/Glass130.jpg","Glass"
"Glass/Glass131.jpg","Glass"
"Glass/Glass132.jpg","Glass"
"Glass/Glass133.jpg","Glass"
"Glass/Glass135.jpg","Glass"
"Glass/Glass136.jpg","Glass"
"Glass/Glass137.jpg","Glass"
"Glass/Glass139.jpg","Glass"
"Glass/Glass14.jpg","Glass"
"Glass/Glass140.jpg","Glass"
"Glass/Glass141.jpg","Glass"
"Glass/Glass142.jpg","Glass"
"Glass/Glass143.jpg","Glass"
"Glass/Glass144.jpg","Glass"
"Glass/Glass145.jpg","Glass"
"Glass/Glass147.jpg","Glass"
"Glass/Glass148.jpg","Glass"
"Glass/Glass150.jpg","Glass"
"Glass/Glass151.jpg","Glass"
"Glass/Glass152.jpg","Glass"
"Glass/Glass153.jpg","Glass"
"Glass/Glass156.jpg","Glass"
"Glass/Glass157.jpg","Glass"
"Glass/Glass158.jpg","Glass"
"Glass/Glass159.jpg","Glass"
"Glass/Glass16.jpg","Glass"
"Glass/Glass161.jpg","Glass"
"Glass/Glass162.jpg","Glass"
"Glass/Glass163.jpg","Glass"
"Glass/Glass165.jpg","Glass"
"Glass/Glass166.jpg","Glass"
"Glass/Glass168.jpg","Glass"
"Glass/Glass169.jpg","Glass"
"Glass/Glass170.jpg","Glass"
"Glass/Glass171.jpg","Glass"
"Glass/Glass173.jpg","Glass"
"Glass/Glass175.jpg","Glass"
"Glass/Glass178.jpg","Glass"
"Glass/Glass179.jpg","Glass"
"Glass/Glass180.jpg","Glass"
"Glass/Glass182.jpg","Glass"
"Glass/Glass183.jpg","Glass"
"Glass/Glass185.jpg","Glass"
"Glass/Glass186.jpg","Glass"
"Glass/Glass188.jpg","Glass"
"Glass/Glass191.jpg","Glass"
"Glass/Glass193.jpg","Glass"
"Glass/Glass194.jpg","Glass"
"Glass/Glass195.jpg","Glass"
"Glass/Glass198.jpg","Glass"
"Glass/Glass201.jpg","Glass"
"Glass/Glass202.jpg","Glass"
"Glass/Glass208.jpg","Glass"
"Glass/Glass209.jpg","Glass"
"Glass/Glass210.jpg","Glass"
"Glass/Glass211.jpg","Glass"
"Glass/Glass212.jpg","Glass"
"Glass/Glass214.jpg","Glass"
"Glass/Glass216.jpg","Glass"
"Glass/Glass217.jpg","Glass"
"Glass/Glass220.jpg","Glass"
"Glass/Glass23.jpg","Glass"
"Glass/Glass230.jpg","Glass"
"Glass/Glass233.jpg","Glass"
"Glass/Glass235.jpg","Glass"
"Glass/Glass236.jpg","Glass"
"Glass/Glass237.jpg","Glass"
"Glass/Glass239.jpg","Glass"
"Glass/Glass24.jpg","Glass"
"Glass/Glass240.jpg","Glass"
"Glass/Glass241.jpg","Glass"
"Glass/Glass242.jpg","Glass"
"Glass/Glass243.jpg","Glass"
"Glass/Glass244.jpg","Glass"
"Glass/Glass246.jpg","Glass"
"Glass/Glass249.jpg","Glass"
"Glass/Glass25.jpg","Glass"
"Glass/Glass250.jpg","Glass"
"Glass/Glass251.jpg","Glass"
"Glass/Glass254.jpg","Glass"
"Glass/Glass255.jpg","Glass"
"Glass/Glass256.jpg","Glass"
"Glass/Glass257.jpg","Glass"
"Glass/Glass258.jpg","Glass"
"Glass/Glass26.jpg","Glass"
"Glass/Glass261.jpg","Glass"
"Glass/Glass262.jpg","Glass"
"Glass/Glass263.jpg","Glass"
"Glass/Glass264.jpg","Glass"
"Glass/Glass265.jpg","Glass"
"Glass/Glass266.jpg","Glass"
"Glass/Glass267.jpg","Glass"
"Glass/Glass268.jpg","Glass"
"Glass/Glass270.jpg","Glass"
"Glass/Glass271.jpg","Glass"
"Glass/Glass272.jpg","Glass"
"Glass/Glass273.jpg","Glass"
"Glass/Glass274.jpg","Glass"
"Glass/Glass275.jpg","Glass"
"Glass/Glass276.jpg","Glass"
"Glass/Glass278.jpg","Glass"
"Glass/Glass280.jpg","Glass"
"Glass/Glass281.jpg","Glass"
"Glass/Glass282.jpg","Glass"
"Glass/Glass283.jpg","Glass"
"Glass/Glass284.jpg","Glass"
"Glass/Glass285.jpg","Glass"
"Glass/Glass286.jpg","Glass"
"Glass/Glass287.jpg","Glass"
"Glass/Glass288.jpg","Glass"
"Glass/Glass289.jpg","Glass"
"Glass/Glass290.jpg","Glass"
"Glass/Glass291.jpg","Glass"
"Glass/Glass292.jpg","Glass"
"Glass/Glass293.jpg","Glass"
"Glass/Glass294.jpg","Glass"
"Glass/Glass295.jpg","Glass"
"Glass/Glass297.jpg","Glass"
"Glass/Glass299.jpg","Glass"
"Glass/Glass3.jpg","Glass"
"Glass/Glass300.jpg","Glass"
"Glass/Glass302.jpg","Glass"
"Glass/Glass304.jpg","Glass"
"Glass/Glass305.jpg","Glass"
"Glass/Glass306.jpg","Glass"
"Glass/Glass307.jpg","Glass"
"Glass/Glass309.jpg","Glass"
"Glass/Glass31.jpg","Glass"
"Glass/Glass311.jpg","Glass"
"Glass/Glass314.jpg","Glass"
"Glass/Glass315.jpg","Glass"
"Glass/Glass316.jpg","Glass"
"Glass/Glass318.jpg","Glass"
"Glass/Glass321.jpg","Glass"
"Glass/Glass322.jpg","Glass"
"Glass/Glass323.jpg","Glass"
"Glass/Glass326.jpg","Glass"
"Glass/Glass327.jpg","Glass"
"Glass/Glass330.jpg","Glass"
"Glass/Glass331.jpg","Glass"
"Glass/Glass332.jpg","Glass"
"Glass/Glass333.jpg","Glass"
"Glass/Glass334.jpg","Glass"
"Glass/Glass335.jpg","Glass"
"Glass/Glass336.jpg","Glass"
"Glass/Glass337.jpg","Glass"
"Glass/Glass338.jpg","Glass"
"Glass/Glass344.jpg","Glass"
"Glass/Glass346.jpg","Glass"
"Glass/Glass347.jpg","Glass"
"Glass/Glass348.jpg","Glass"
"Glass/Glass349.jpg","Glass"
"Glass/Glass35.jpg","Glass"
"Glass/Glass350.jpg","Glass"
"Glass/Glass351.jpg","Glass"
"Glass/Glass353.jpg","Glass"
"Glass/Glass354.jpg","Glass"
"Glass/Glass355.jpg","Glass"
"Glass/Glass356.jpg","Glass"
"Glass/Glass36.jpg","Glass"
"Glass/Glass360.jpg","Glass"
"Glass/Glass361.jpg","Glass"
"Glass/Glass362.jpg","Glass"
"Glass/Glass363.jpg","Glass"
"Glass/Glass364.jpg","Glass"
"Glass/Glass367.jpg","Glass"
"Glass/Glass368.jpg","Glass"
"Glass/Glass369.jpg","Glass"
"Glass/Glass370.jpg","Glass"
"Glass/Glass371.jpg","Glass"
"Glass/Glass372.jpg","Glass"
"Glass/Glass373.jpg","Glass"
"Glass/Glass374.jpg","Glass"
"Glass/Glass375.jpg","Glass"
"Glass/Glass377.jpg","Glass"
"Glass/Glass378.jpg","Glass"
"Glass/Glass379.jpg","Glass"
"Glass/Glass38.jpg","Glass"
"Glass/Glass382.jpg","Glass"
"Glass/Glass383.jpg","Glass"
"Glass/Glass384.jpg","Glass"
"Glass/Glass385.jpg","Glass"
"Glass/Glass386.jpg","Glass"
"Glass/Glass387.jpg","Glass"
"Glass/Glass388.jpg","Glass"
"Glass/Glass389.jpg","Glass"
"Glass/Glass39.jpg","Glass"
"Glass/Glass390.jpg","Glass"
"Glass/Glass391.jpg","Glass"
"Glass/Glass393.jpg","Glass"
"Glass/Glass394.jpg","Glass"
"Glass/Glass396.jpg","Glass"
"Glass/Glass397.jpg","Glass"
"Glass/Glass398.jpg","Glass"
"Glass/Glass399.jpg","Glass"
"Glass/Glass4.jpg","Glass"
"Glass/Glass40.jpg","Glass"
"Glass/Glass401.jpg","Glass"
"Glass/Glass402.jpg","Glass"
"Glass/Glass403.jpg","Glass"
"Glass/Glass404.jpg","Glass"
"Glass/Glass405.jpg","Glass"
"Glass/Glass406.jpg","Glass"
"Glass/Glass407.jpg","Glass"
"Glass/Glass408.jpg","Glass"
"Glass/Glass409.jpg","Glass"
"Glass/Glass410.jpg","Glass"
"Glass/Glass411.jpg","Glass"
"Glass/Glass413.jpg","Glass"
"Glass/Glass414.jpg","Glass"
"Glass/Glass415.jpg","Glass"
"Glass/Glass416.jpg","Glass"
"Glass/Glass417.jpg","Glass"
"Glass/Glass418.jpg","Glass"
"Glass/Glass419.jpg","Glass"
"Glass/Glass42.jpg","Glass"
"Glass/Glass420.jpg","Glass"
"Glass/Glass421.jpg","Glass"
"Glass/Glass422.jpg","Glass"
"Glass/Glass423.jpg","Glass"
"Glass/Glass424.jpg","Glass"
"Glass/Glass425.jpg","Glass"
"Glass/Glass427.jpg","Glass"
"Glass/Glass428.jpg","Glass"
"Glass/Glass430.jpg","Glass"
"Glass/Glass431.jpg","Glass"
"Glass/Glass432.jpg","Glass"
"Glass/Glass433.jpg","Glass"
"Glass/Glass434.jpg","Glass"
"Glass/Glass435.jpg","Glass"
"Glass/Glass436.jpg","Glass"
"Glass/Glass437.jpg","Glass"
"Glass/Glass439.jpg","Glass"
"Glass/Glass440.jpg","Glass"
"Glass/Glass442.jpg","Glass"
"Glass/Glass443.jpg","Glass"
"Glass/Glass444.jpg","Glass"
"Glass/Glass447.jpg","Glass"
"Glass/Glass448.jpg","Glass"
"Glass/Glass449.jpg","Glass"
"Glass/Glass45.jpg","Glass"
"Glass/Glass450.jpg","Glass"
"Glass/Glass452.jpg","Glass"
"Glass/Glass455.jpg","Glass"
"Glass/Glass456.jpg","Glass"
"Glass/Glass457.jpg","Glass"
"Glass/Glass458.jpg","Glass"
"Glass/Glass459.jpg","Glass"
"Glass/Glass46.jpg","Glass"
"Glass/Glass460.jpg","Glass"
"Glass/Glass462.jpg","Glass"
"Glass/Glass465.jpg","Glass"
"Glass/Glass466.jpg","Glass"
"Glass/Glass467.jpg","Glass"
"Glass/Glass468.jpg","Glass"
"Glass/Glass469.jpg","Glass"
"Glass/Glass47.jpg","Glass"
"Glass/Glass470.jpg","Glass"
"Glass/Glass471.jpg","Glass"
"Glass/Glass472.jpg","Glass"
"Glass/Glass473.jpg","Glass"
"Glass/Glass474.jpg","Glass"
"Glass/Glass476.jpg","Glass"
"Glass/Glass477.jpg","Glass"
"Glass/Glass478.jpg","Glass"
"Glass/Glass479.jpg","Glass"
"Glass/Glass48.jpg","Glass"
"Glass/Glass480.jpg","Glass"
"Glass/Glass483.jpg","Glass"
"Glass/Glass484.jpg","Glass"
"Glass/Glass485.jpg","Glass"
"Glass/Glass486.jpg","Glass"
"Glass/Glass488.jpg","Glass"
"Glass/Glass49.jpg","Glass"
"Glass/Glass490.jpg","Glass"
"Glass/Glass493.jpg","Glass"
"Glass/Glass494.jpg","Glass"
"Glass/Glass495.jpg","Glass"
"Glass/Glass498.jpg","Glass"
"Glass/Glass499.jpg","Glass"
"Glass/Glass50.jpg","Glass"
"Glass/Glass501.jpg","Glass"
"Glass/Glass502.jpg","Glass"
"Glass/Glass503.jpg","Glass"
"Glass/Glass504.jpg","Glass"
"Glass/Glass506.jpg","Glass"
"Glass/Glass507.jpg","Glass"
"Glass/Glass508.jpg","Glass"
"Glass/Glass509.jpg","Glass"
"Glass/Glass51.jpg","Glass"
"Glass/Glass511.jpg","Glass"
"Glass/Glass512.jpg","Glass"
"Glass/Glass513.jpg","Glass"
"Glass/Glass514.jpg","Glass"
"Glass/Glass515.jpg","Glass"
"Glass/Glass516.jpg","Glass"
"Glass/Glass517.jpg","Glass"
"Glass/Glass518.jpg","Glass"
"Glass/Glass519.jpg","Glass"
"Glass/Glass520.jpg","Glass"
"Glass/Glass521.jpg","Glass"
"Glass/Glass522.jpg","Glass"
"Glass/Glass524.jpg","Glass"
"Glass/Glass525.jpg","Glass"
"Glass/Glass526.jpg","Glass"
"Glass/Glass527.jpg","Glass"
"Glass/Glass528.jpg","Glass"
"Glass/Glass529.jpg","Glass"
"Glass/Glass530.jpg","Glass"
"Glass/Glass531.jpg","Glass"
"Glass/Glass532.jpg","Glass"
"Glass/Glass533.jpg","Glass"
"Glass/Glass535.jpg","Glass"
"Glass/Glass537.jpg","Glass"
"Glass/Glass538.jpg","Glass"
"Glass/Glass541.jpg","Glass"
"Glass/Glass542.jpg","Glass"
"Glass/Glass543.jpg","Glass"
"Glass/Glass544.jpg","Glass"
"Glass/Glass545.jpg","Glass"
"Glass/Glass549.jpg","Glass"
"Glass/Glass550.jpg","Glass"
"Glass/Glass551.jpg","Glass"
"Glass/Glass552.jpg","Glass"
"Glass/Glass554.jpg","Glass"
"Glass/Glass555.jpg","Glass"
"Glass/Glass557.jpg","Glass"
"Glass/Glass558.jpg","Glass"
"Glass/Glass559.jpg","Glass"
"Glass/Glass56.jpg","Glass"
"Glass/Glass560.jpg","Glass"
"Glass/Glass561.jpg","Glass"
"Glass/Glass562.jpg","Glass"
"Glass/Glass563.jpg","Glass"
"Glass/Glass564.jpg","Glass"
"Glass/Glass566.jpg","Glass"
"Glass/Glass567.jpg","Glass"
"Glass/Glass568.jpg","Glass"
"Glass/Glass569.jpg","Glass"
"Glass/Glass57.jpg","Glass"
"Glass/Glass570.jpg","Glass"
"Glass/Glass571.jpg","Glass"
"Glass/Glass573.jpg","Glass"
"Glass/Glass577.jpg","Glass"
"Glass/Glass578.jpg","Glass"
"Glass/Glass58.jpg","Glass"
"Glass/Glass580.jpg","Glass"
"Glass/Glass581.jpg","Glass"
"Glass/Glass582.jpg","Glass"
"Glass/Glass584.jpg","Glass"
"Glass/Glass585.jpg","Glass"
"Glass/Glass586.jpg","Glass"
"Glass/Glass587.jpg","Glass"
"Glass/Glass588.jpg","Glass"
"Glass/Glass589.jpg","Glass"
"Glass/Glass59.jpg","Glass"
"Glass/Glass590.jpg","Glass"
"Glass/Glass592.jpg","Glass"
"Glass/Glass593.jpg","Glass"
"Glass/Glass594.jpg","Glass"
"Glass/Glass595.jpg","Glass"
"Glass/Glass596.jpg","Glass"
"Glass/Glass597.jpg","Glass"
"Glass/Glass599.jpg","Glass"
"Glass/Glass6.jpg","Glass"
"Glass/Glass60.jpg","Glass"
"Glass/Glass600.jpg","Glass"
"Glass/Glass603.jpg","Glass"
"Glass/Glass605.jpg","Glass"
"Glass/Glass606.jpg","Glass"
"Glass/Glass607.jpg","Glass"
"Glass/Glass608.jpg","Glass"
"Glass/Glass609.jpg","Glass"
"Glass/Glass61.jpg","Glass"
"Glass/Glass610.jpg","Glass"
"Glass/Glass612.jpg","Glass"
"Glass/Glass613.jpg","Glass"
"Glass/Glass614.jpg","Glass"
"Glass/Glass615.jpg","Glass"
"Glass/Glass617.jpg","Glass"
"Glass/Glass618.jpg","Glass"
"Glass/Glass619.jpg","Glass"
"Glass/Glass62.jpg","Glass"
"Glass/Glass620.jpg","Glass"
"Glass/Glass621.jpg","Glass"
"Glass/Glass622.jpg","Glass"
"Glass/Glass623.jpg","Glass"
"Glass/Glass624.jpg","Glass"
"Glass/Glass625.jpg","Glass"
"Glass/Glass626.jpg","Glass"
"Glass/Glass628.jpg","Glass"
"Glass/Glass629.jpg","Glass"
"Glass/Glass63.jpg","Glass"
"Glass/Glass630.jpg","Glass"
"Glass/Glass631.jpg","Glass"
"Glass/Glass632.jpg","Glass"
"Glass/Glass633.jpg","Glass"
"Glass/Glass634.jpg","Glass"
"Glass/Glass636.jpg","Glass"
"Glass/Glass637.jpg","Glass"
"Glass/Glass638.jpg","Glass"
"Glass/Glass639.jpg","Glass"
"Glass/Glass64.jpg","Glass"
"Glass/Glass640.jpg","Glass"
"Glass/Glass641.jpg","Glass"
"Glass/Glass642.jpg","Glass"
"Glass/Glass643.jpg","Glass"
"Glass/Glass644.JPG","Glass"
"Glass/Glass645.JPG","Glass"
"Glass/Glass646.JPG","Glass"
"Glass/Glass647.JPG","Glass"
"Glass/Glass648.JPG","Glass"
"Glass/Glass649.JPG","Glass"
"Glass/Glass65.jpg","Glass"
"Glass/Glass650.JPG","Glass"
"Glass/Glass651.JPG","Glass"
"Glass/Glass652.JPG","Glass"
"Glass/Glass653.JPG","Glass"
"Glass/Glass654.JPG","Glass"
"Glass/Glass655.JPG","Glass"
"Glass/Glass657.JPG","Glass"
"Glass/Glass658.JPG","Glass"
"Glass/Glass659.JPG","Glass"
"Glass/Glass66.jpg","Glass"
"Glass/Glass661.JPG","Glass"
"Glass/Glass662.JPG","Glass"
"Glass/Glass663.JPG","Glass"
"Glass/Glass664.JPG","Glass"
"Glass/Glass665.JPG","Glass"
"Glass/Glass666.JPG","Glass"
"Glass/Glass667.JPG","Glass"
"Glass/Glass668.JPG","Glass"
"Glass/Glass669.JPG","Glass"
"Glass/Glass67.jpg","Glass"
"Glass/Glass670.JPG","Glass"
"Glass/Glass671.JPG","Glass"
"Glass/Glass672.JPG","Glass"
"Glass/Glass673.JPG","Glass"
"Glass/Glass674.JPG","Glass"
"Glass/Glass676.JPG","Glass"
"Glass/Glass677.JPG","Glass"
"Glass/Glass679.JPG","Glass"
"Glass/Glass68.jpg","Glass"
"Glass/Glass680.JPG","Glass"
"Glass/Glass682.JPG","Glass"
"Glass/Glass683.JPG","Glass"
"Glass/Glass684.JPG","Glass"
"Glass/Glass685.JPG","Glass"
"Glass/Glass686.JPG","Glass"
"Glass/Glass687.JPG","Glass"
"Glass/Glass689.JPG","Glass"
"Glass/Glass69.jpg","Glass"
"Glass/Glass690.JPG","Glass"
"Glass/Glass692.JPG","Glass"
"Glass/Glass694.JPG","Glass"
"Glass/Glass695.JPG","Glass"
"Glass/Glass697.JPG","Glass"
"Glass/Glass698.JPG","Glass"
"Glass/Glass699.JPG","Glass"
"Glass/Glass70.jpg","Glass"
"Glass/Glass700.JPG","Glass"
"Glass/Glass701.JPG","Glass"
"Glass/Glass702.JPG","Glass"
"Glass/Glass703.JPG","Glass"
"Glass/Glass705.JPG","Glass"
"Glass/Glass706.JPG","Glass"
"Glass/Glass707.JPG","Glass"
"Glass/Glass708.JPG","Glass"
"Glass/Glass709.JPG","Glass"
"Glass/Glass71.jpg","Glass"
"Glass/Glass711.JPG","Glass"
"Glass/Glass712.JPG","Glass"
"Glass/Glass716.JPG","Glass"
"Glass/Glass717.JPG","Glass"
"Glass/Glass719.JPG","Glass"
"Glass/Glass720.JPG","Glass"
"Glass/Glass721.JPG","Glass"
"Glass/Glass722.JPG","Glass"
"Glass/Glass724.JPG","Glass"
"Glass/Glass726.JPG","Glass"
"Glass/Glass727.JPG","Glass"
"Glass/Glass728.JPG","Glass"
"Glass/Glass73.jpg","Glass"
"Glass/Glass730.JPG","Glass"
"Glass/Glass731.JPG","Glass"
"Glass/Glass732.JPG","Glass"
"Glass/Glass733.JPG","Glass"
"Glass/Glass734.JPG","Glass"
"Glass/Glass735.JPG","Glass"
"Glass/Glass736.JPG","Glass"
"Glass/Glass737.JPG","Glass"
"Glass/Glass738.JPG","Glass"
"Glass/Glass739.JPG","Glass"
"Glass/Glass74.jpg","Glass"
"Glass/Glass740.JPG","Glass"
"Glass/Glass741.JPG","Glass"
"Glass/Glass742.JPG","Glass"
"Glass/Glass743.JPG","Glass"
"Glass/Glass744.JPG","Glass"
"Glass/Glass745.JPG","Glass"
"Glass/Glass746.JPG","Glass"
"Glass/Glass747.JPG","Glass"
"Glass/Glass749.JPG","Glass"
"Glass/Glass750.JPG","Glass"
"Glass/Glass751.JPG","Glass"
"Glass/Glass753.JPG","Glass"
"Glass/Glass754.JPG","Glass"
"Glass/Glass756.JPG","Glass"
"Glass/Glass757.JPG","Glass"
"Glass/Glass758.JPG","Glass"
"Glass/Glass759.JPG","Glass"
"Glass/Glass760.JPG","Glass"
"Glass/Glass761.JPG","Glass"
"Glass/Glass762.JPG","Glass"
"Glass/Glass764.JPG","Glass"
"Glass/Glass767.JPG","Glass"
"Glass/Glass768.JPG","Glass"
"Glass/Glass769.JPG","Glass"
"Glass/Glass77.jpg","Glass"
"Glass/Glass770.JPG","Glass"
"Glass/Glass771.JPG","Glass"
"Glass/Glass773.JPG","Glass"
"Glass/Glass774.JPG","Glass"
"Glass/Glass775.JPG","Glass"
"Glass/Glass776.JPG","Glass"
"Glass/Glass777.JPG","Glass"
"Glass/Glass778.JPG","Glass"
"Glass/Glass780.JPG","Glass"
"Glass/Glass781.JPG","Glass"
"Glass/Glass782.JPG","Glass"
"Glass/Glass783.JPG","Glass"
"Glass/Glass785.JPG","Glass"
"Glass/Glass787.JPG","Glass"
"Glass/Glass788.JPG","Glass"
"Glass/Glass789.JPG","Glass"
"Glass/Glass790.JPG","Glass"
"Glass/Glass792.JPG","Glass"
"Glass/Glass793.JPG","Glass"
"Glass/Glass795.JPG","Glass"
"Glass/Glass796.JPG","Glass"
"Glass/Glass797.JPG","Glass"
"Glass/Glass798.JPG","Glass"
"Glass/Glass799.JPG","Glass"
"Glass/Glass8.jpg","Glass"
"Glass/Glass80.jpg","Glass"
"Glass/Glass801.JPG","Glass"
"Glass/Glass802.JPG","Glass"
"Glass/Glass803.JPG","Glass"
"Glass/Glass804.JPG","Glass"
"Glass/Glass805.JPG","Glass"
"Glass/Glass806.JPG","Glass"
"Glass/Glass807.JPG","Glass"
"Glass/Glass808.JPG","Glass"
"Glass/Glass81.jpg","Glass"
"Glass/Glass812.JPG","Glass"
"Glass/Glass814.JPG","Glass"
"Glass/Glass815.JPG","Glass"
"Glass/Glass816.JPG","Glass"
"Glass/Glass817.JPG","Glass"
"Glass/Glass818.JPG","Glass"
"Glass/Glass819.JPG","Glass"
"Glass/Glass82.jpg","Glass"
"Glass/Glass821.JPG","Glass"
"Glass/Glass823.JPG","Glass"
"Glass/Glass824.JPG","Glass"
"Glass/Glass825.JPG","Glass"
"Glass/Glass826.JPG","Glass"
"Glass/Glass828.JPG","Glass"
"Glass/Glass829.JPG","Glass"
"Glass/Glass83.jpg","Glass"
"Glass/Glass830.JPG","Glass"
"Glass/Glass831.JPG","Glass"
"Glass/Glass832.JPG","Glass"
"Glass/Glass834.JPG","Glass"
"Glass/Glass835.JPG","Glass"
"Glass/Glass836.JPG","Glass"
"Glass/Glass837.JPG","Glass"
"Glass/Glass838.JPG","Glass"
"Glass/Glass839.JPG","Glass"
"Glass/Glass84.jpg","Glass"
"Glass/Glass840.JPG","Glass"
"Glass/Glass841.JPG","Glass"
"Glass/Glass842.JPG","Glass"
"Glass/Glass843.JPG","Glass"
"Glass/Glass844.JPG","Glass"
"Glass/Glass845.JPG","Glass"
"Glass/Glass846.JPG","Glass"
"Glass/Glass847.JPG","Glass"
"Glass/Glass848.JPG","Glass"
"Glass/Glass849.JPG","Glass"
"Glass/Glass850.JPG","Glass"
"Glass/Glass851.JPG","Glass"
"Glass/Glass852.JPG","Glass"
"Glass/Glass853.JPG","Glass"
"Glass/Glass854.JPG","Glass"
"Glass/Glass855.JPG","Glass"
"Glass/Glass856.JPG","Glass"
"Glass/Glass858.JPG","Glass"
"Glass/Glass859.JPG","Glass"
"Glass/Glass86.jpg","Glass"
"Glass/Glass860.JPG","Glass"
"Glass/Glass861.JPG","Glass"
"Glass/Glass862.JPG","Glass"
"Glass/Glass863.JPG","Glass"
"Glass/Glass864.JPG","Glass"
"Glass/Glass865.JPG","Glass"
"Glass/Glass866.JPG","Glass"
"Glass/Glass867.JPG","Glass"
"Glass/Glass868.JPG","Glass"
"Glass/Glass869.JPG","Glass"
"Glass/Glass87.jpg","Glass"
"Glass/Glass872.JPG","Glass"
"Glass/Glass873.JPG","Glass"
"Glass/Glass874.JPG","Glass"
"Glass/Glass876.JPG","Glass"
"Glass/Glass878.JPG","Glass"
"Glass/Glass879.JPG","Glass"
"Glass/Glass88.jpg","Glass"
"Glass/Glass880.JPG","Glass"
"Glass/Glass881.JPG","Glass"
"Glass/Glass883.JPG","Glass"
"Glass/Glass884.JPG","Glass"
"Glass/Glass885.JPG","Glass"
"Glass/Glass886.JPG","Glass"
"Glass/Glass887.JPG","Glass"
"Glass/Glass889.JPG","Glass"
"Glass/Glass89.jpg","Glass"
"Glass/Glass890.JPG","Glass"
"Glass/Glass891.JPG","Glass"
"Glass/Glass892.JPG","Glass"
"Glass/Glass893.JPG","Glass"
"Glass/Glass894.JPG","Glass"
"Glass/Glass895.JPG","Glass"
"Glass/Glass897.JPG","Glass"
"Glass/Glass899.JPG","Glass"
"Glass/Glass9.jpg","Glass"
"Glass/Glass90.jpg","Glass"
"Glass/Glass901.JPG","Glass"
"Glass/Glass902.JPG","Glass"
"Glass/Glass903.JPG","Glass"
"Glass/Glass904.JPG","Glass"
"Glass/Glass905.JPG","Glass"
"Glass/Glass906.JPG","Glass"
"Glass/Glass907.JPG","Glass"
"Glass/Glass908.JPG","Glass"
"Glass/Glass909.JPG","Glass"
"Glass/Glass91.jpg","Glass"
"Glass/Glass911.JPG","Glass"
"Glass/Glass914.JPG","Glass"
"Glass/Glass915.JPG","Glass"
"Glass/Glass918.JPG","Glass"
"Glass/Glass92.jpg","Glass"
"Glass/Glass920.JPG","Glass"
"Glass/Glass921.JPG","Glass"
"Glass/Glass922.JPG","Glass"
"Glass/Glass923.JPG","Glass"
"Glass/Glass924.JPG","Glass"
"Glass/Glass925.JPG","Glass"
"Glass/Glass926.JPG","Glass"
"Glass/Glass927.JPG","Glass"
"Glass/Glass928.JPG","Glass"
"Glass/Glass93.jpg","Glass"
"Glass/Glass930.JPG","Glass"
"Glass/Glass932.JPG","Glass"
"Glass/Glass933.JPG","Glass"
"Glass/Glass934.JPG","Glass"
"Glass/Glass935.JPG","Glass"
"Glass/Glass936.JPG","Glass"
"Glass/Glass937.JPG","Glass"
"Glass/Glass938.JPG","Glass"
"Glass/Glass939.JPG","Glass"
"Glass/Glass94.jpg","Glass"
"Glass/Glass940.JPG","Glass"
"Glass/Glass942.JPG","Glass"
"Glass/Glass944.JPG","Glass"
"Glass/Glass945.JPG","Glass"
"Glass/Glass946.JPG","Glass"
"Glass/Glass947.JPG","Glass"
"Glass/Glass948.JPG","Glass"
"Glass/Glass949.JPG","Glass"
"Glass/Glass950.JPG","Glass"
"Glass/Glass951.JPG","Glass"
"Glass/Glass952.JPG","Glass"
"Glass/Glass953.JPG","Glass"
"Glass/Glass954.JPG","Glass"
"Glass/Glass955.JPG","Glass"
"Glass/Glass957.JPG","Glass"
"Glass/Glass958.JPG","Glass"
"Glass/Glass960.JPG","Glass"
"Glass/Glass961.JPG","Glass"
"Glass/Glass962.JPG","Glass"
"Glass/Glass963.JPG","Glass"
"Glass/Glass964.JPG","Glass"
"Glass/Glass965.JPG","Glass"
"Glass/Glass966.JPG","Glass"
"Glass/Glass967.JPG","Glass"
"Glass/Glass968.JPG","Glass"
"Glass/Glass97.jpg","Glass"
"Glass/Glass970.JPG","Glass"
"Glass/Glass972.JPG","Glass"
"Glass/Glass973.JPG","Glass"
"Glass/Glass974.JPG","Glass"
"Glass/Glass976.JPG","Glass"
"Glass/Glass978.JPG","Glass"
"Glass/Glass979.JPG","Glass"
"Glass/Glass98.jpg","Glass"
"Glass/Glass980.JPG","Glass"
"Glass/Glass981.JPG","Glass"
"Glass/Glass983.JPG","Glass"
"Glass/Glass984.JPG","Glass"
"Glass/Glass985.JPG","Glass"
"Glass/Glass986.JPG","Glass"
"Glass/Glass987.JPG","Glass"
"Glass/Glass988.JPG","Glass"
"Glass/Glass989.JPG","Glass"
"Glass/Glass99.jpg","Glass"
"Glass/Glass990.JPG","Glass"
"Glass/Glass991.JPG","Glass"
"Glass/Glass992.JPG","Glass"
"Glass/Glass993.JPG","Glass"
"Glass/Glass994.JPG","Glass"
"Glass/Glass995.JPG","Glass"
"Glass/Glass996.JPG","Glass"
"Glass/Glass997.JPG","Glass"
"Glass/Glass998.JPG","Glass"
"Glass/Glass999.JPG","Glass"
"PET/PET1,000.jpg","PET"
"PET/PET1,002.jpg","PET"
"PET/PET1,003.jpg","PET"
"PET/PET1,004.jpg","PET"
"PET/PET1,007.jpg","PET"
"PET/PET1,009.jpg","PET"
"PET/PET1,010.jpg","PET"
"PET/PET1,011.jpg","PET"
"PET/PET1,012.jpg","PET"
"PET/PET1,013.jpg","PET"
"PET/PET1,014.jpg","PET"
"PET/PET1,015.jpg","PET"
"PET/PET1,016.jpg","PET"
"PET/PET1,018.jpg","PET"
"PET/PET1,019.jpg","PET"
"PET/PET1,020.jpg","PET"
"PET/PET1,021.jpg","PET"
"PET/PET1,022.jpg","PET"
"PET/PET1,023.jpg","PET"
"PET/PET1,025.jpg","PET"
"PET/PET1,026.jpg","PET"
"PET/PET1,027.jpg","PET"
"PET/PET1,028.jpg","PET"
"PET/PET1,030.jpg","PET"
"PET/PET1,031.jpg","PET"
"PET/PET1,033.jpg","PET"
"PET/PET1,034.jpg","PET"
"PET/PET1,036.jpg","PET"
"PET/PET1,038.jpg","PET"
"PET/PET1,040.jpg","PET"
"PET/PET1,041.jpg","PET"
"PET/PET1,042.jpg","PET"
"PET/PET1,043.jpg","PET"
"PET/PET1,044.jpg","PET"
"PET/PET1,045.jpg","PET"
"PET/PET1,046.jpg","PET"
"PET/PET1,047.jpg","PET"
"PET/PET1,049.jpg","PET"
"PET/PET1,052.jpg","PET"
"PET/PET1,053.jpg","PET"
"PET/PET1,055.jpg","PET"
"PET/PET1,056.jpg","PET"
"PET/PET1,057.jpg","PET"
"PET/PET1,058.jpg","PET"
"PET/PET1,061.jpg","PET"
"PET/PET1,063.jpg","PET"
"PET/PET1,067.jpg","PET"
"PET/PET1,068.jpg","PET"
"PET/PET1,069.jpg","PET"
"PET/PET1,070.jpg","PET"
"PET/PET1,071.jpg","PET"
"PET/PET1,073.jpg","PET"
"PET/PET1,074.jpg","PET"
"PET/PET1,075.jpg","PET"
"PET/PET1,076.jpg","PET"
"PET/PET1,077.jpg","PET"
"PET/PET1,078.jpg","PET"
"PET/PET1,079.jpg","PET"
"PET/PET1,081.jpg","PET"
"PET/PET1,083.jpg","PET"
"PET/PET1,084.jpg","PET"
"PET/PET1,085.jpg","PET"
"PET/PET1,087.jpg","PET"
"PET/PET1,089.jpg","PET"
"PET/PET1,090.jpg","PET"
"PET/PET1,093.jpg","PET"
"PET/PET1,094.jpg","PET"
"PET/PET1,095.jpg","PET"
"PET/PET1,096.jpg","PET"
"PET/PET1,097.jpg","PET"
"PET/PET1,098.jpg","PET"
"PET/PET1,099.jpg","PET"
"PET/PET1,100.jpg","PET"
"PET/PET1,101.jpg","PET"
"PET/PET1,105.jpg","PET"
"PET/PET1,109.jpg","PET"
"PET/PET1,110.jpg","PET"
"PET/PET1,112.jpg","PET"
"PET/PET1,114.jpg","PET"
"PET/PET1,115.jpg","PET"
"PET/PET1,116.jpg","PET"
"PET/PET1,117.jpg","PET"
"PET/PET1,118.jpg","PET"
"PET/PET1,119.jpg","PET"
"PET/PET1,120.jpg","PET"
"PET/PET1,122.jpg","PET"
"PET/PET1,124.jpg","PET"
"PET/PET1,125.jpg","PET"
"PET/PET1,126.jpg","PET"
"PET/PET1,127.jpg","PET"
"PET/PET1,129.jpg","PET"
"PET/PET1,130.jpg","PET"
"PET/PET1,131.jpg","PET"
"PET/PET1,132.jpg","PET"
"PET/PET1,133.jpg","PET"
"PET/PET1,135.jpg","PET"
"PET/PET1,136.jpg","PET"
"PET/PET1,137.jpg","PET"
"PET/PET1,139.jpg","PET"
"PET/PET1,140.jpg","PET"
"PET/PET1,141.jpg","PET"
"PET/PET1,142.jpg","PET"
"PET/PET1,144.jpg","PET"
"PET/PET1,145.jpg","PET"
"PET/PET1,146.jpg","PET"
"PET/PET1,148.jpg","PET"
"PET/PET1,150.jpg","PET"
"PET/PET1,151.jpg","PET"
"PET/PET1,153.jpg","PET"
"PET/PET1,155.jpg","PET"
"PET/PET1,156.jpg","PET"
"PET/PET1,158.jpg","PET"
"PET/PET1,160.jpg","PET"
"PET/PET1,161.jpg","PET"
"PET/PET1,162.jpg","PET"
"PET/PET1,163.jpg","PET"
"PET/PET1,164.jpg","PET"
"PET/PET1,165.jpg","PET"
"PET/PET1,166.jpg","PET"
"PET/PET1,167.jpg","PET"
"PET/PET1,168.jpg","PET"
"PET/PET1,169.jpg","PET"
"PET/PET1,170.jpg","PET"
"PET/PET1,173.jpg","PET"
"PET/PET1,174.jpg","PET"
"PET/PET1,175.jpg","PET"
"PET/PET1,177.jpg","PET"
"PET/PET1,179.jpg","PET"
"PET/PET1,180.jpg","PET"
"PET/PET1,181.jpg","PET"
"PET/PET1,183.jpg","PET"
"PET/PET1,184.jpg","PET"
"PET/PET1,185.jpg","PET"
"PET/PET1,187.jpg","PET"
"PET/PET1,188.jpg","PET"
"PET/PET1,190.jpg","PET"
"PET/PET1,192.jpg","PET"
"PET/PET1,193.jpg","PET"
"PET/PET1,194.jpg","PET"
"PET/PET1,195.jpg","PET"
"PET/PET1,197.jpg","PET"
"PET/PET1,198.jpg","PET"
"PET/PET1,199.jpg","PET"
"PET/PET1,200.jpg","PET"
"PET/PET1,201.jpg","PET"
"PET/PET1,202.jpg","PET"
"PET/PET1,203.jpg","PET"
"PET/PET1,204.jpg","PET"
"PET/PET1,205.jpg","PET"
"PET/PET1,209.jpg","PET"
"PET/PET1,211.jpg","PET"
"PET/PET1,213.jpg","PET"
"PET/PET1,214.jpg","PET"
"PET/PET1,215.jpg","PET"
"PET/PET1,216.jpg","PET"
"PET/PET1,218.jpg","PET"
"PET/PET1,220.jpg","PET"
"PET/PET1,221.jpg","PET"
"PET/PET1,225.jpg","PET"
"PET/PET1,226.jpg","PET"
"PET/PET1,228.jpg","PET"
"PET/PET1,231.jpg","PET"
"PET/PET1,232.jpg","PET"
"PET/PET1,235.jpg","PET"
"PET/PET1,236.jpg","PET"
"PET/PET1,237.jpg","PET"
"PET/PET1,238.jpg","PET"
"PET/PET1,239.jpg","PET"
"PET/PET1,241.jpg","PET"
"PET/PET1,242.jpg","PET"
"PET/PET1,243.jpg","PET"
"PET/PET1,244.jpg","PET"
"PET/PET1,247.jpg","PET"
"PET/PET1,248.jpg","PET"
"PET/PET1,251.jpg","PET"
"PET/PET1,253.jpg","PET"
"PET/PET1,254.jpg","PET"
"PET/PET1,255.jpg","PET"
"PET/PET1,256.jpg","PET"
"PET/PET1,257.jpg","PET"
"PET/PET1,258.jpg","PET"
"PET/PET1,259.jpg","PET"
"PET/PET1,260.jpg","PET"
"PET/PET1,261.jpg","PET"
"PET/PET1,262.jpg","PET"
"PET/PET1,263.jpg","PET"
"PET/PET1,264.jpg","PET"
"PET/PET1,265.jpg","PET"
"PET/PET1,267.jpg","PET"
"PET/PET1,268.jpg","PET"
"PET/PET1,269.jpg","PET"
"PET/PET1,270.jpg","PET"
"PET/PET1,271.jpg","PET"
"PET/PET1,275.jpg","PET"
"PET/PET1,276.jpg","PET"
"PET/PET1,277.jpg","PET"
"PET/PET1,278.jpg","PET"
"PET/PET1,279.jpg","PET"
"PET/PET1,281.jpg","PET"
"PET/PET1,282.jpg","PET"
"PET/PET1,283.jpg","PET"
"PET/PET1,286.jpg","PET"
"PET/PET1,287.jpg","PET"
"PET/PET1,289.jpg","PET"
"PET/PET1,291.jpg","PET"
"PET/PET1,293.jpg","PET"
"PET/PET1,294.jpg","PET"
"PET/PET1,296.jpg","PET"
"PET/PET1,298.jpg","PET"
"PET/PET1,299.jpg","PET"
"PET/PET1,300.jpg","PET"
"PET/PET1,301.jpg","PET"
"PET/PET1,306.jpg","PET"
"PET/PET1,307.jpg","PET"
"PET/PET1,308.jpg","PET"
"PET/PET1,310.jpg","PET"
"PET/PET1,311.jpg","PET"
"PET/PET1,312.jpg","PET"
"PET/PET1,314.jpg","PET"
"PET/PET1,315.jpg","PET"
"PET/PET1,320.jpg","PET"
"PET/PET1,322.jpg","PET"
"PET/PET1,323.jpg","PET"
"PET/PET1,324.jpg","PET"
"PET/PET1,326.jpg","PET"
"PET/PET1,328.jpg","PET"
"PET/PET1,329.jpg","PET"
"PET/PET1,332.jpg","PET"
"PET/PET1,333.jpg","PET"
"PET/PET1,334.jpg","PET"
"PET/PET1,335.jpg","PET"
"PET/PET1,337.jpg","PET"
"PET/PET1,339.jpg","PET"
"PET/PET1,341.jpg","PET"
"PET/PET1,342.jpg","PET"
"PET/PET1,345.jpg","PET"
"PET/PET1,346.jpg","PET"
"PET/PET1,348.jpg","PET"
"PET/PET1,349.jpg","PET"
"PET/PET1,351.jpg","PET"
"PET/PET1,352.jpg","PET"
"PET/PET1,355.jpg","PET"
"PET/PET1,356.jpg","PET"
"PET/PET1,359.jpg","PET"
"PET/PET1,360.jpg","PET"
"PET/PET1,362.jpg","PET"
"PET/PET1,364.jpg","PET"
"PET/PET1,365.jpg","PET"
"PET/PET1,367.jpg","PET"
"PET/PET1,371.jpg","PET"
"PET/PET1,373.jpg","PET"
"PET/PET1,374.jpg","PET"
"PET/PET1,375.jpg","PET"
"PET/PET1,377.jpg","PET"
"PET/PET1,380.jpg","PET"
"PET/PET1,381.jpg","PET"
"PET/PET1,382.jpg","PET"
"PET/PET1,383.jpg","PET"
"PET/PET1,384.jpg","PET"
"PET/PET1,385.jpg","PET"
"PET/PET1,386.jpg","PET"
"PET/PET1,387.jpg","PET"
"PET/PET1,388.jpg","PET"
"PET/PET1,391.jpg","PET"
"PET/PET1,393.jpg","PET"
"PET/PET1,394.jpg","PET"
"PET/PET1,395.jpg","PET"
"PET/PET1,398.jpg","PET"
"PET/PET1,401.jpg","PET"
"PET/PET1,404.jpg","PET"
"PET/PET1,405.jpg","PET"
"PET/PET1,406.jpg","PET"
"PET/PET1,407.jpg","PET"
"PET/PET1,409.jpg","PET"
"PET/PET1,410.jpg","PET"
"PET/PET1,411.jpg","PET"
"PET/PET1,412.jpg","PET"
"PET/PET1,413.jpg","PET"
"PET/PET1,415.jpg","PET"
"PET/PET1,416.jpg","PET"
"PET/PET1,417.jpg","PET"
"PET/PET1,420.jpg","PET"
"PET/PET1,422.jpg","PET"
"PET/PET1,424.jpg","PET"
"PET/PET1,425.jpg","PET"
"PET/PET1,426.jpg","PET"
"PET/PET1,427.jpg","PET"
"PET/PET1,429.jpg","PET"
"PET/PET1,431.jpg","PET"
"PET/PET1,432.jpg","PET"
"PET/PET1,435.jpg","PET"
"PET/PET1,436.jpg","PET"
"PET/PET1,437.jpg","PET"
"PET/PET1,438.jpg","PET"
"PET/PET1,439.jpg","PET"
"PET/PET1,440.jpg","PET"
"PET/PET1,441.jpg","PET"
"PET/PET1,442.jpg","PET"
"PET/PET1,444.jpg","PET"
"PET/PET1,445.jpg","PET"
"PET/PET1,447.jpg","PET"
"PET/PET1,448.jpg","PET"
"PET/PET1,449.jpg","PET"
"PET/PET1,451.jpg","PET"
"PET/PET1,452.jpg","PET"
"PET/PET1,453.jpg","PET"
"PET/PET1,455.jpg","PET"
"PET/PET1,458.jpg","PET"
"PET/PET1,460.jpg","PET"
"PET/PET1,461.jpg","PET"
"PET/PET1,462.jpg","PET"
"PET/PET1,465.jpg","PET"
"PET/PET1,467.jpg","PET"
"PET/PET1,468.jpg","PET"
"PET/PET1,469.jpg","PET"
"PET/PET1,471.jpg","PET"
"PET/PET1,472.jpg","PET"
"PET/PET1,474.jpg","PET"
"PET/PET1,475.jpg","PET"
"PET/PET1,476.jpg","PET"
"PET/PET1,477.jpg","PET"
"PET/PET1,478.jpg","PET"
"PET/PET1,479.jpg","PET"
"PET/PET1,480.jpg","PET"
"PET/PET1,481.jpg","PET"
"PET/PET1,483.jpg","PET"
"PET/PET1,484.jpg","PET"
"PET/PET1,485.jpg","PET"
"PET/PET1,487.jpg","PET"
"PET/PET1,488.jpg","PET"
"PET/PET1,489.jpg","PET"
"PET/PET1,490.jpg","PET"
"PET/PET1,491.jpg","PET"
"PET/PET1,495.jpg","PET"
"PET/PET1,496.jpg","PET"
"PET/PET1,498.jpg","PET"
"PET/PET1,499.jpg","PET"
"PET/PET1,500.jpg","PET"
"PET/PET1,501.jpg","PET"
"PET/PET1,504.jpg","PET"
"PET/PET1,505.jpg","PET"
"PET/PET1,507.jpg","PET"
"PET/PET1,509.jpg","PET"
"PET/PET1,511.jpg","PET"
"PET/PET1,514.jpg","PET"
"PET/PET1,515.jpg","PET"
"PET/PET1,516.jpg","PET"
"PET/PET1,521.jpg","PET"
"PET/PET1,523.jpg","PET"
"PET/PET1,527.jpg","PET"
"PET/PET1,528.jpg","PET"
"PET/PET1,530.jpg","PET"
"PET/PET1,531.jpg","PET"
"PET/PET1,532.jpg","PET"
"PET/PET1,533.jpg","PET"
"PET/PET1,534.jpg","PET"
"PET/PET1,536.jpg","PET"
"PET/PET1,537.jpg","PET"
"PET/PET1,538.jpg","PET"
"PET/PET1,539.jpg","PET"
"PET/PET1,540.jpg","PET"
"PET/PET1,541.jpg","PET"
"PET/PET1,542.jpg","PET"
"PET/PET1,543.jpg","PET"
"PET/PET1,545.jpg","PET"
"PET/PET1,546.jpg","PET"
"PET/PET1,547.jpg","PET"
"PET/PET1,549.jpg","PET"
"PET/PET1,550.jpg","PET"
"PET/PET1,551.jpg","PET"
"PET/PET1,552.jpg","PET"
"PET/PET1,553.jpg","PET"
"PET/PET1,554.jpg","PET"
"PET/PET1,555.jpg","PET"
"PET/PET1,558.jpg","PET"
"PET/PET1,561.jpg","PET"
"PET/PET1,562.jpg","PET"
"PET/PET1,563.jpg","PET"
"PET/PET1,564.jpg","PET"
"PET/PET1,566.jpg","PET"
"PET/PET1,567.jpg","PET"
"PET/PET1,568.jpg","PET"
"PET/PET1,569.jpg","PET"
"PET/PET1,570.jpg","PET"
"PET/PET1,571.jpg","PET"
"PET/PET1,572.jpg","PET"
"PET/PET1,573.jpg","PET"
"PET/PET1,574.jpg","PET"
"PET/PET1,575.jpg","PET"
"PET/PET1,576.jpg","PET"
"PET/PET1,577.jpg","PET"
"PET/PET1,578.jpg","PET"
"PET/PET1,579.jpg","PET"
"PET/PET1,580.jpg","PET"
"PET/PET1,582.jpg","PET"
"PET/PET1,583.jpg","PET"
"PET/PET1,584.jpg","PET"
"PET/PET1,585.jpg","PET"
"PET/PET1,586.jpg","PET"
"PET/PET1,588.jpg","PET"
"PET/PET1,591.jpg","PET"
"PET/PET1,592.jpg","PET"
"PET/PET1,593.jpg","PET"
"PET/PET1,596.jpg","PET"
"PET/PET1,597.jpg","PET"
"PET/PET1,598.jpg","PET"
"PET/PET1,599.jpg","PET"
"PET/PET1,600.jpg","PET"
"PET/PET1,601.jpg","PET"
"PET/PET1,603.jpg","PET"
"PET/PET1,604.jpg","PET"
"PET/PET1,605.jpg","PET"
"PET/PET1,606.jpg","PET"
"PET/PET1,607.jpg","PET"
"PET/PET1,608.jpg","PET"
"PET/PET1,609.jpg","PET"
"PET/PET1,611.jpg","PET"
"PET/PET1,613.jpg","PET"
"PET/PET1,614.jpg","PET"
"PET/PET1,617.jpg","PET"
"PET/PET1,619.jpg","PET"
"PET/PET1,620.jpg","PET"
"PET/PET1,621.jpg","PET"
"PET/PET1,624.jpg","PET"
"PET/PET1,625.jpg","PET"
"PET/PET1,627.jpg","PET"
"PET/PET1,628.jpg","PET"
"PET/PET1,630.jpg","PET"
"PET/PET1,631.jpg","PET"
"PET/PET1,632.jpg","PET"
"PET/PET1,633.jpg","PET"
"PET/PET1,635.jpg","PET"
"PET/PET1,637.jpg","PET"
"PET/PET1,638.jpg","PET"
"PET/PET1,641.jpg","PET"
"PET/PET1,643.jpg","PET"
"PET/PET1,644.jpg","PET"
"PET/PET1,647.jpg","PET"
"PET/PET1,649.jpg","PET"
"PET/PET1,652.jpg","PET"
"PET/PET1,653.jpg","PET"
"PET/PET1,655.jpg","PET"
"PET/PET1,656.jpg","PET"
"PET/PET1,657.jpg","PET"
"PET/PET1,659.jpg","PET"
"PET/PET1,661.jpg","PET"
"PET/PET1,663.jpg","PET"
"PET/PET1,664.jpg","PET"
"PET/PET1,665.jpg","PET"
"PET/PET1,667.jpg","PET"
"PET/PET1,668.jpg","PET"
"PET/PET1,669.jpg","PET"
"PET/PET1,674.jpg","PET"
"PET/PET1,675.jpg","PET"
"PET/PET1,676.jpg","PET"
"PET/PET1,677.jpg","PET"
"PET/PET1,678.jpg","PET"
"PET/PET1,679.jpg","PET"
"PET/PET1,680.jpg","PET"
"PET/PET1,681.jpg","PET"
"PET/PET1,683.jpg","PET"
"PET/PET1,684.jpg","PET"
"PET/PET1,685.jpg","PET"
"PET/PET1,688.jpg","PET"
"PET/PET1,689.jpg","PET"
"PET/PET1,690.jpg","PET"
"PET/PET1,691.jpg","PET"
"PET/PET1,692.jpg","PET"
"PET/PET1,694.jpg","PET"
"PET/PET1,695.jpg","PET"
"PET/PET1,696.jpg","PET"
"PET/PET1,697.jpg","PET"
"PET/PET1,698.jpg","PET"
"PET/PET1,700.jpg","PET"
"PET/PET1,701.jpg","PET"
"PET/PET1,702.jpg","PET"
"PET/PET1,705.jpg","PET"
"PET/PET1,706.jpg","PET"
"PET/PET1,707.jpg","PET"
"PET/PET1,709.jpg","PET"
"PET/PET1,710.jpg","PET"
"PET/PET1,711.jpg","PET"
"PET/PET1,713.jpg","PET"
"PET/PET1,715.jpg","PET"
"PET/PET1,716.jpg","PET"
"PET/PET1,718.jpg","PET"
"PET/PET1,719.jpg","PET"
"PET/PET1,722.jpg","PET"
"PET/PET1,724.jpg","PET"
"PET/PET1,725.jpg","PET"
"PET/PET1,726.jpg","PET"
"PET/PET1,727.jpg","PET"
"PET/PET1,728.jpg","PET"
"PET/PET1,729.jpg","PET"
"PET/PET1,730.jpg","PET"
"PET/PET1,731.jpg","PET"
"PET/PET1,734.jpg","PET"
"PET/PET1,735.jpg","PET"
"PET/PET1,736.jpg","PET"
"PET/PET1,737.jpg","PET"
"PET/PET1,739.jpg","PET"
"PET/PET1,740.jpg","PET"
"PET/PET1,742.jpg","PET"
"PET/PET1,743.jpg","PET"
"PET/PET1,745.jpg","PET"
"PET/PET1,746.jpg","PET"
"PET/PET1,747.jpg","PET"
"PET/PET1,748.jpg","PET"
"PET/PET1,749.jpg","PET"
"PET/PET1,751.jpg","PET"
"PET/PET1,752.jpg","PET"
"PET/PET1,753.jpg","PET"
"PET/PET1,755.jpg","PET"
"PET/PET1,758.jpg","PET"
"PET/PET1,759.jpg","PET"
"PET/PET1,760.jpg","PET"
"PET/PET1,763.jpg","PET"
"PET/PET1,765.jpg","PET"
"PET/PET1,766.jpg","PET"
"PET/PET1,770.jpg","PET"
"PET/PET1,771.jpg","PET"
"PET/PET1,772.jpg","PET"
"PET/PET1,773.jpg","PET"
"PET/PET1,774.jpg","PET"
"PET/PET1,775.jpg","PET"
"PET/PET1,776.jpg","PET"
"PET/PET1,777.jpg","PET"
"PET/PET1,778.jpg","PET"
"PET/PET1,779.jpg","PET"
"PET/PET1,780.jpg","PET"
"PET/PET1,781.jpg","PET"
"PET/PET1,783.jpg","PET"
"PET/PET1,784.jpg","PET"
"PET/PET1,785.jpg","PET"
"PET/PET278.jpg","PET"
"PET/PET279.jpg","PET"
"PET/PET281.jpg","PET"
"PET/PET283.jpg","PET"
"PET/PET284.jpg","PET"
"PET/PET287.jpg","PET"
"PET/PET288.jpg","PET"
"PET/PET289.jpg","PET"
"PET/PET290.jpg","PET"
"PET/PET291.jpg","PET"
"PET/PET292.jpg","PET"
"PET/PET298.jpg","PET"
"PET/PET299.jpg","PET"
"PET/PET302.jpg","PET"
"PET/PET304.jpg","PET"
"PET/PET305.jpg","PET"
"PET/PET307.jpg","PET"
"PET/PET310.jpg","PET"
"PET/PET312.jpg","PET"
"PET/PET315.jpg","PET"
"PET/PET316.jpg","PET"
"PET/PET318.jpg","PET"
"PET/PET322.jpg","PET"
"PET/PET323.jpg","PET"
"PET/PET326.jpg","PET"
"PET/PET327.jpg","PET"
"PET/PET330.jpg","PET"
"PET/PET331.jpg","PET"
"PET/PET332.jpg","PET"
"PET/PET333.jpg","PET"
"PET/PET335.jpg","PET"
"PET/PET336.jpg","PET"
"PET/PET337.jpg","PET"
"PET/PET338.jpg","PET"
"PET/PET340.jpg","PET"
"PET/PET343.jpg","PET"
"PET/PET345.jpg","PET"
"PET/PET347.jpg","PET"
"PET/PET348.jpg","PET"
"PET/PET351.jpg","PET"
"PET/PET352.jpg","PET"
"PET/PET353.jpg","PET"
"PET/PET354.jpg","PET"
"PET/PET355.jpg","PET"
"PET/PET356.jpg","PET"
"PET/PET361.jpg","PET"
"PET/PET362.jpg","PET"
"PET/PET363.jpg","PET"
"PET/PET364.jpg","PET"
"PET/PET365.jpg","PET"
"PET/PET367.jpg","PET"
"PET/PET368.jpg","PET"
"PET/PET369.jpg","PET"
"PET/PET370.jpg","PET"
"PET/PET371.jpg","PET"
"PET/PET374.jpg","PET"
"PET/PET377.jpg","PET"
"PET/PET378.jpg","PET"
"PET/PET379.jpg","PET"
"PET/PET380.jpg","PET"
"PET/PET382.jpg","PET"
"PET/PET385.jpg","PET"
"PET/PET386.jpg","PET"
"PET/PET387.jpg","PET"
"PET/PET388.jpg","PET"
"PET/PET392.jpg","PET"
"PET/PET393.jpg","PET"
"PET/PET394.jpg","PET"
"PET/PET395.jpg","PET"
"PET/PET397.jpg","PET"
"PET/PET398.jpg","PET"
"PET/PET399.jpg","PET"
"PET/PET400.jpg","PET"
"PET/PET401.jpg","PET"
"PET/PET403.jpg","PET"
"PET/PET405.jpg","PET"
"PET/PET406.jpg","PET"
"PET/PET407.jpg","PET"
"PET/PET408.jpg","PET"
"PET/PET409.jpg","PET"
"PET/PET410.jpg","PET"
"PET/PET412.jpg","PET"
"PET/PET416.jpg","PET"
"PET/PET417.jpg","PET"
"PET/PET418.jpg","PET"
"PET/PET419.jpg","PET"
"PET/PET421.jpg","PET"
"PET/PET423.jpg","PET"
"PET/PET424.jpg","PET"
"PET/PET425.jpg","PET"
"PET/PET426.jpg","PET"
"PET/PET428.jpg","PET"
"PET/PET430.jpg","PET"
"PET/PET431.jpg","PET"
"PET/PET435.jpg","PET"
"PET/PET436.jpg","PET"
"PET/PET437.jpg","PET"
"PET/PET439.jpg","PET"
"PET/PET440.jpg","PET"
"PET/PET444.jpg","PET"
"PET/PET446.jpg","PET"
"PET/PET447.jpg","PET"
"PET/PET448.jpg","PET"
"PET/PET449.jpg","PET"
"PET/PET451.jpg","PET"
"PET/PET452.jpg","PET"
"PET/PET453.jpg","PET"
"PET/PET455.jpg","PET"
"PET/PET456.jpg","PET"
"PET/PET457.jpg","PET"
"PET/PET458.jpg","PET"
"PET/PET460.jpg","PET"
"PET/PET462.jpg","PET"
"PET/PET463.jpg","PET"
"PET/PET464.jpg","PET"
"PET/PET468.jpg","PET"
"PET/PET471.jpg","PET"
"PET/PET472.jpg","PET"
"PET/PET474.jpg","PET"
"PET/PET475.jpg","PET"
"PET/PET477.jpg","PET"
"PET/PET478.jpg","PET"
"PET/PET479.jpg","PET"
"PET/PET481.jpg","PET"
"PET/PET482.jpg","PET"
"PET/PET483.jpg","PET"
"PET/PET484.jpg","PET"
"PET/PET485.jpg","PET"
"PET/PET486.jpg","PET"
"PET/PET488.jpg","PET"
"PET/PET489.jpg","PET"
"PET/PET494.jpg","PET"
"PET/PET496.jpg","PET"
"PET/PET497.jpg","PET"
"PET/PET499.jpg","PET"
"PET/PET500.jpg","PET"
"PET/PET502.jpg","PET"
"PET/PET503.jpg","PET"
"PET/PET504.jpg","PET"
"PET/PET505.jpg","PET"
"PET/PET508.jpg","PET"
"PET/PET509.jpg","PET"
"PET/PET510.jpg","PET"
"PET/PET511.jpg","PET"
"PET/PET512.jpg","PET"
"PET/PET514.jpg","PET"
"PET/PET515.jpg","PET"
"PET/PET516.jpg","PET"
"PET/PET517.jpg","PET"
"PET/PET518.jpg","PET"
"PET/PET520.jpg","PET"
"PET/PET522.jpg","PET"
"PET/PET523.jpg","PET"
"PET/PET524.jpg","PET"
"PET/PET528.jpg","PET"
"PET/PET529.jpg","PET"
"PET/PET530.jpg","PET"
"PET/PET532.jpg","PET"
"PET/PET533.jpg","PET"
"PET/PET535.jpg","PET"
"PET/PET538.jpg","PET"
"PET/PET539.jpg","PET"
"PET/PET540.jpg","PET"
"PET/PET543.jpg","PET"
"PET/PET544.jpg","PET"
"PET/PET546.jpg","PET"
"PET/PET548.jpg","PET"
"PET/PET549.jpg","PET"
"PET/PET551.jpg","PET"
"PET/PET553.jpg","PET"
"PET/PET554.jpg","PET"
"PET/PET556.jpg","PET"
"PET/PET557.jpg","PET"
"PET/PET559.jpg","PET"
"PET/PET560.jpg","PET"
"PET/PET561.jpg","PET"
"PET/PET563.jpg","PET"
"PET/PET564.jpg","PET"
"PET/PET565.jpg","PET"
"PET/PET566.jpg","PET"
"PET/PET570.jpg","PET"
"PET/PET572.jpg","PET"
"PET/PET574.jpg","PET"
"PET/PET575.jpg","PET"
"PET/PET576.jpg","PET"
"PET/PET578.jpg","PET"
"PET/PET579.jpg","PET"
"PET/PET580.jpg","PET"
"PET/PET582.jpg","PET"
"PET/PET584.jpg","PET"
"PET/PET585.jpg","PET"
"PET/PET587.jpg","PET"
"PET/PET590.jpg","PET"
"PET/PET591.jpg","PET"
"PET/PET592.jpg","PET"
"PET/PET593.jpg","PET"
"PET/PET594.jpg","PET"
"PET/PET596.jpg","PET"
"PET/PET598.jpg","PET"
"PET/PET600.jpg","PET"
"PET/PET603.jpg","PET"
"PET/PET604.jpg","PET"
"PET/PET605.jpg","PET"
"PET/PET607.jpg","PET"
"PET/PET610.jpg","PET"
"PET/PET612.jpg","PET"
"PET/PET613.jpg","PET"
"PET/PET614.jpg","PET"
"PET/PET615.jpg","PET"
"PET/PET616.jpg","PET"
"PET/PET617.jpg","PET"
"PET/PET618.jpg","PET"
"PET/PET619.jpg","PET"
"PET/PET620.jpg","PET"
"PET/PET621.jpg","PET"
"PET/PET622.jpg","PET"
"PET/PET623.jpg","PET"
"PET/PET624.jpg","PET"
"PET/PET625.jpg","PET"
"PET/PET626.jpg","PET"
"PET/PET628.jpg","PET"
"PET/PET630.jpg","PET"
"PET/PET633.jpg","PET"
"PET/PET634.jpg","PET"
"PET/PET636.jpg","PET"
"PET/PET638.jpg","PET"
"PET/PET640.jpg","PET"
"PET/PET641.jpg","PET"
"PET/PET642.jpg","PET"
"PET/PET643.jpg","PET"
"PET/PET644.jpg","PET"
"PET/PET645.jpg","PET"
"PET/PET646.jpg","PET"
"PET/PET648.jpg","PET"
"PET/PET650.jpg","PET"
"PET/PET652.jpg","PET"
"PET/PET653.jpg","PET"
"PET/PET654.jpg","PET"
"PET/PET656.jpg","PET"
"PET/PET657.jpg","PET"
"PET/PET658.jpg","PET"
"PET/PET660.jpg","PET"
"PET/PET661.jpg","PET"
"PET/PET662.jpg","PET"
"PET/PET663.jpg","PET"
"PET/PET664.jpg","PET"
"PET/PET665.jpg","PET"
"PET/PET666.jpg","PET"
"PET/PET668.jpg","PET"
"PET/PET669.jpg","PET"
"PET/PET670.jpg","PET"
"PET/PET672.jpg","PET"
"PET/PET673.jpg","PET"
"PET/PET674.jpg","PET"
"PET/PET675.jpg","PET"
"PET/PET676.jpg","PET"
"PET/PET677.jpg","PET"
"PET/PET678.jpg","PET"
"PET/PET679.jpg","PET"
"PET/PET680.jpg","PET"
"PET/PET681.jpg","PET"
"PET/PET682.jpg","PET"
"PET/PET683.jpg","PET"
"PET/PET684.jpg","PET"
"PET/PET686.jpg","PET"
"PET/PET689.jpg","PET"
"PET/PET692.jpg","PET"
"PET/PET693.jpg","PET"
"PET/PET696.jpg","PET"
"PET/PET697.jpg","PET"
"PET/PET698.jpg","PET"
"PET/PET700.jpg","PET"
"PET/PET701.jpg","PET"
"PET/PET702.jpg","PET"
"PET/PET704.jpg","PET"
"PET/PET706.jpg","PET"
"PET/PET707.jpg","PET"
"PET/PET709.jpg","PET"
"PET/PET711.jpg","PET"
"PET/PET712.jpg","PET"
"PET/PET714.jpg","PET"
"PET/PET715.jpg","PET"
"PET/PET716.jpg","PET"
"PET/PET717.jpg","PET"
"PET/PET719.jpg","PET"
"PET/PET720.jpg","PET"
"PET/PET722.jpg","PET"
"PET/PET723.jpg","PET"
"PET/PET724.jpg","PET"
"PET/PET725.jpg","PET"
"PET/PET727.jpg","PET"
"PET/PET729.jpg","PET"
"PET/PET730.jpg","PET"
"PET/PET731.jpg","PET"
"PET/PET732.jpg","PET"
"PET/PET733.jpg","PET"
"PET/PET734.jpg","PET"
"PET/PET737.jpg","PET"
"PET/PET739.jpg","PET"
"PET/PET740.jpg","PET"
"PET/PET741.jpg","PET"
"PET/PET744.jpg","PET"
"PET/PET745.jpg","PET"
"PET/PET747.jpg","PET"
"PET/PET748.jpg","PET"
"PET/PET749.jpg","PET"
"PET/PET750.jpg","PET"
"PET/PET751.jpg","PET"
"PET/PET752.jpg","PET"
"PET/PET753.jpg","PET"
"PET/PET755.jpg","PET"
"PET/PET756.jpg","PET"
"PET/PET757.jpg","PET"
"PET/PET758.jpg","PET"
"PET/PET759.jpg","PET"
"PET/PET762.jpg","PET"
"PET/PET763.jpg","PET"
"PET/PET764.jpg","PET"
"PET/PET765.jpg","PET"
"PET/PET766.jpg","PET"
"PET/PET768.jpg","PET"
"PET/PET770.jpg","PET"
"PET/PET771.jpg","PET"
"PET/PET772.jpg","PET"
"PET/PET773.jpg","PET"
"PET/PET777.jpg","PET"
"PET/PET778.jpg","PET"
"PET/PET779.jpg","PET"
"PET/PET780.jpg","PET"
"PET/PET783.jpg","PET"
"PET/PET784.jpg","PET"
"PET/PET785.jpg","PET"
"PET/PET787.jpg","PET"
"PET/PET788.jpg","PET"
"PET/PET790.jpg","PET"
"PET/PET794.jpg","PET"
"PET/PET796.jpg","PET"
"PET/PET798.jpg","PET"
"PET/PET800.jpg","PET"
"PET/PET801.jpg","PET"
"PET/PET803.jpg","PET"
"PET/PET805.jpg","PET"
"PET/PET806.jpg","PET"
"PET/PET807.jpg","PET"
"PET/PET808.jpg","PET"
"PET/PET809.jpg","PET"
"PET/PET810.jpg","PET"
"PET/PET811.jpg","PET"
"PET/PET812.jpg","PET"
"PET/PET813.jpg","PET"
"PET/PET814.jpg","PET"
"PET/PET815.jpg","PET"
"PET/PET816.jpg","PET"
"PET/PET817.jpg","PET"
"PET/PET818.jpg","PET"
"PET/PET820.jpg","PET"
"PET/PET821.jpg","PET"
"PET/PET822.jpg","PET"
"PET/PET824.jpg","PET"
"PET/PET825.jpg","PET"
"PET/PET828.jpg","PET"
"PET/PET829.jpg","PET"
"PET/PET831.jpg","PET"
"PET/PET832.jpg","PET"
"PET/PET834.jpg","PET"
"PET/PET836.jpg","PET"
"PET/PET838.jpg","PET"
"PET/PET839.jpg","PET"
"PET/PET841.jpg","PET"
"PET/PET842.jpg","PET"
"PET/PET846.jpg","PET"
"PET/PET847.jpg","PET"
"PET/PET848.jpg","PET"
"PET/PET849.jpg","PET"
"PET/PET850.jpg","PET"
"PET/PET852.jpg","PET"
"PET/PET853.jpg","PET"
"PET/PET855.jpg","PET"
"PET/PET856.jpg","PET"
"PET/PET858.jpg","PET"
"PET/PET859.jpg","PET"
"PET/PET860.jpg","PET"
"PET/PET865.jpg","PET"
"PET/PET867.jpg","PET"
"PET/PET869.jpg","PET"
"PET/PET870.jpg","PET"
"PET/PET871.jpg","PET"
"PET/PET873.jpg","PET"
"PET/PET874.jpg","PET"
"PET/PET875.jpg","PET"
"PET/PET877.jpg","PET"
"PET/PET879.jpg","PET"
"PET/PET880.jpg","PET"
"PET/PET882.jpg","PET"
"PET/PET886.jpg","PET"
"PET/PET887.jpg","PET"
"PET/PET890.jpg","PET"
"PET/PET892.jpg","PET"
"PET/PET893.jpg","PET"
"PET/PET894.jpg","PET"
"PET/PET895.jpg","PET"
"PET/PET896.jpg","PET"
"PET/PET897.jpg","PET"
"PET/PET898.jpg","PET"
"PET/PET899.jpg","PET"
"PET/PET900.jpg","PET"
"PET/PET901.jpg","PET"
"PET/PET902.jpg","PET"
"PET/PET903.jpg","PET"
"PET/PET904.jpg","PET"
"PET/PET906.jpg","PET"
"PET/PET907.jpg","PET"
"PET/PET908.jpg","PET"
"PET/PET909.jpg","PET"
"PET/PET912.jpg","PET"
"PET/PET913.jpg","PET"
"PET/PET914.jpg","PET"
"PET/PET915.jpg","PET"
"PET/PET916.jpg","PET"
"PET/PET917.jpg","PET"
"PET/PET918.jpg","PET"
"PET/PET919.jpg","PET"
"PET/PET920.jpg","PET"
"PET/PET922.jpg","PET"
"PET/PET923.jpg","PET"
"PET/PET924.jpg","PET"
"PET/PET925.jpg","PET"
"PET/PET926.jpg","PET"
"PET/PET929.jpg","PET"
"PET/PET930.jpg","PET"
"PET/PET931.jpg","PET"
"PET/PET932.jpg","PET"
"PET/PET933.jpg","PET"
"PET/PET936.jpg","PET"
"PET/PET937.jpg","PET"
"PET/PET938.jpg","PET"
"PET/PET939.jpg","PET"
"PET/PET941.jpg","PET"
"PET/PET943.jpg","PET"
"PET/PET944.jpg","PET"
"PET/PET949.jpg","PET"
"PET/PET952.jpg","PET"
"PET/PET954.jpg","PET"
"PET/PET956.jpg","PET"
"PET/PET957.jpg","PET"
"PET/PET958.jpg","PET"
"PET/PET960.jpg","PET"
"PET/PET961.jpg","PET"
"PET/PET962.jpg","PET"
"PET/PET965.jpg","PET"
"PET/PET966.jpg","PET"
"PET/PET970.jpg","PET"
"PET/PET971.jpg","PET"
"PET/PET974.jpg","PET"
"PET/PET979.jpg","PET"
"PET/PET980.jpg","PET"
"PET/PET981.jpg","PET"
"PET/PET982.jpg","PET"
"PET/PET985.jpg","PET"
"PET/PET989.jpg","PET"
"PET/PET991.jpg","PET"
"PET/PET994.jpg","PET"
"PET/PET995.jpg","PET"
"PET/PET996.jpg","PET"
"PET/PET998.jpg","PET"
"PET/PET999.jpg","PET"
"HDPEM/HDPEM1,007.JPG","HDPEM"
"HDPEM/HDPEM1,008.JPG","HDPEM"
"HDPEM/HDPEM1,012.JPG","HDPEM"
"HDPEM/HDPEM1,013.JPG","HDPEM"
"HDPEM/HDPEM1,020.JPG","HDPEM"
"HDPEM/HDPEM117.jpg","HDPEM"
"HDPEM/HDPEM124.jpg","HDPEM"
"HDPEM/HDPEM127.jpg","HDPEM"
"HDPEM/HDPEM131.jpg","HDPEM"
"HDPEM/HDPEM137.jpg","HDPEM"
"HDPEM/HDPEM141.jpg","HDPEM"
"HDPEM/HDPEM149.jpg","HDPEM"
"HDPEM/HDPEM170.jpg","HDPEM"
"HDPEM/HDPEM173.jpg","HDPEM"
"HDPEM/HDPEM189.jpg","HDPEM"
"HDPEM/HDPEM190.jpg","HDPEM"
"HDPEM/HDPEM197.jpg","HDPEM"
"HDPEM/HDPEM199.jpg","HDPEM"
"HDPEM/HDPEM203.jpg","HDPEM"
"HDPEM/HDPEM21.jpg","HDPEM"
"HDPEM/HDPEM226.jpg","HDPEM"
"HDPEM/HDPEM280.jpg","HDPEM"
"HDPEM/HDPEM283.jpg","HDPEM"
"HDPEM/HDPEM290.jpg","HDPEM"
"HDPEM/HDPEM306.jpg","HDPEM"
"HDPEM/HDPEM314.jpg","HDPEM"
"HDPEM/HDPEM319.jpg","HDPEM"
"HDPEM/HDPEM333.jpg","HDPEM"
"HDPEM/HDPEM343.jpg","HDPEM"
"HDPEM/HDPEM363.jpg","HDPEM"
"HDPEM/HDPEM364.jpg","HDPEM"
"HDPEM/HDPEM372.jpg","HDPEM"
"HDPEM/HDPEM38.jpg","HDPEM"
"HDPEM/HDPEM380.jpg","HDPEM"
"HDPEM/HDPEM398.jpg","HDPEM"
"HDPEM/HDPEM403.jpg","HDPEM"
"HDPEM/HDPEM414.jpg","HDPEM"
"HDPEM/HDPEM415.jpg","HDPEM"
"HDPEM/HDPEM418.jpg","HDPEM"
"HDPEM/HDPEM443.jpg","HDPEM"
"HDPEM/HDPEM46.jpg","HDPEM"
"HDPEM/HDPEM482.jpg","HDPEM"
"HDPEM/HDPEM53.jpg","HDPEM"
"HDPEM/HDPEM534.jpg","HDPEM"
"HDPEM/HDPEM546.jpg","HDPEM"
"HDPEM/HDPEM551.JPG","HDPEM"
"HDPEM/HDPEM553.JPG","HDPEM"
"HDPEM/HDPEM557.JPG","HDPEM"
"HDPEM/HDPEM578.JPG","HDPEM"
"HDPEM/HDPEM58.jpg","HDPEM"
"HDPEM/HDPEM580.JPG","HDPEM"
"HDPEM/HDPEM594.JPG","HDPEM"
"HDPEM/HDPEM598.JPG","HDPEM"
"HDPEM/HDPEM601.JPG","HDPEM"
"HDPEM/HDPEM603.JPG","HDPEM"
"HDPEM/HDPEM604.JPG","HDPEM"
"HDPEM/HDPEM625.JPG","HDPEM"
"HDPEM/HDPEM626.JPG","HDPEM"
"HDPEM/HDPEM636.JPG","HDPEM"
"HDPEM/HDPEM645.JPG","HDPEM"
"HDPEM/HDPEM655.JPG","HDPEM"
"HDPEM/HDPEM663.JPG","HDPEM"
"HDPEM/HDPEM665.JPG","HDPEM"
"HDPEM/HDPEM668.JPG","HDPEM"
"HDPEM/HDPEM681.JPG","HDPEM"
"HDPEM/HDPEM682.JPG","HDPEM"
"HDPEM/HDPEM690.JPG","HDPEM"
"HDPEM/HDPEM695.JPG","HDPEM"
"HDPEM/HDPEM699.JPG","HDPEM"
"HDPEM/HDPEM747.JPG","HDPEM"
"HDPEM/HDPEM764.JPG","HDPEM"
"HDPEM/HDPEM770.JPG","HDPEM"
"HDPEM/HDPEM771.JPG","HDPEM"
"HDPEM/HDPEM778.JPG","HDPEM"
"HDPEM/HDPEM779.JPG","HDPEM"
"HDPEM/HDPEM782.JPG","HDPEM"
"HDPEM/HDPEM795.JPG","HDPEM"
"HDPEM/HDPEM802.JPG","HDPEM"
"HDPEM/HDPEM81.jpg","HDPEM"
"HDPEM/HDPEM814.JPG","HDPEM"
"HDPEM/HDPEM836.JPG","HDPEM"
"HDPEM/HDPEM85.jpg","HDPEM"
"HDPEM/HDPEM868.JPG","HDPEM"
"HDPEM/HDPEM874.JPG","HDPEM"
"HDPEM/HDPEM875.JPG","HDPEM"
"HDPEM/HDPEM881.JPG","HDPEM"
"HDPEM/HDPEM917.JPG","HDPEM"
"HDPEM/HDPEM924.JPG","HDPEM"
"HDPEM/HDPEM931.JPG","HDPEM"
"HDPEM/HDPEM932.JPG","HDPEM"
"HDPEM/HDPEM934.JPG","HDPEM"
"HDPEM/HDPEM938.JPG","HDPEM"
"HDPEM/HDPEM940.JPG","HDPEM"
"HDPEM/HDPEM949.JPG","HDPEM"
"HDPEM/HDPEM957.JPG","HDPEM"
"HDPEM/HDPEM966.JPG","HDPEM"
"HDPEM/HDPEM978.JPG","HDPEM"
"HDPEM/HDPEM994.JPG","HDPEM"
"HDPEM/HDPEM996.JPG","HDPEM"
"HDPEM/HDPEM998.JPG","HDPEM"
